Este(m);Norte(m);Cota(m);Al(%);Fe(%);Campana
7400.22;1496.58;1457.62;1.14;46.48;CHIST
7400.22;1496.58;1450.37;0.71;40.58;CHIST
7400.22;1496.58;1427.72;0.91;40.49;CHIST
7400.22;1496.58;1421.62;0.91;40.49;CHIST
7400.22;1496.58;1415.52;0.85;43.97;CHIST
7400.22;1496.58;1407.12;0.85;43.97;CHIST
7400.22;1496.58;1400.92;0.76;31.58;CHIST
7401;1814.63;1471.68;2.05;64.19;CHIST
7401;1816.88;1467.79;2.48;65.11;CHIST
7401;1820.13;1462.16;5.48;57.03;CHIST
7401;1825.13;1453.5;1.89;59.05;CHIST
7401;1829.64;1445.68;2.18;60.47;CHIST
7401;1833.15;1439.6;1.93;62.11;CHIST
7401;1836.15;1434.4;2.83;61.65;CHIST
7401;1839.15;1429.2;2.37;62.26;CHIST
7401;1842.15;1424.01;2.97;60.39;CHIST
7401;1846.15;1417.08;1.21;60.17;CHIST
7401;1849.15;1411.88;1.34;58.38;CHIST
7401;1851.15;1408.42;1.31;63.51;CHIST
7401;1854.15;1403.22;1.51;65.2;CHIST
7401;1860.46;1392.29;0.97;56.62;CHIST
7400;1700.35;1474.07;5.15;58.81;CHIST
7400;1697.1;1468.44;4.15;59.58;CHIST
7400;1694.8;1464.46;10.99;50.99;CHIST
7400;1691.14;1458.11;0.59;67.49;CHIST
7400;1688.03;1452.72;0.45;68.47;CHIST
7400;1685.82;1448.91;2.65;64.63;CHIST
7400;1683.13;1444.24;5.85;60.76;CHIST
7400;1679.13;1437.31;2.14;66.19;CHIST
7400;1674.13;1428.65;1.82;66.39;CHIST
7400;1670.63;1422.58;2;65.53;CHIST
7400;1668.13;1418.25;3.21;62.03;CHIST
7400;1665.88;1414.36;3.17;60.57;CHIST
7400;1662.63;1408.73;1.36;51.41;CHIST
7400;1657.63;1400.07;0.86;44.23;CHIST
7400;1653.99;1393.77;0.58;43.97;CHIST
7500;1692.5;1467.36;0.15;69.31;CHIST
7500;1696.6;1460.26;0.59;69.7;CHIST
7500;1704.15;1447.18;0.18;63.32;CHIST
7500;1707.32;1441.68;0.46;62.55;CHIST
7500;1709.46;1437.98;0.22;57.66;CHIST
7500;1712.09;1433.43;0.58;69.06;CHIST
7500;1715.75;1427.09;0.48;38.77;CHIST
7500;1718.88;1421.68;0.74;39.11;CHIST
7500;1722;1416.26;1.59;44.92;CHIST
7500;1726.5;1408.47;0.78;40.77;CHIST
7500;1731;1400.68;1.08;39.34;CHIST
7500;1734;1395.48;1.41;37.96;CHIST
7500;1737;1390.28;0.99;43.6;CHIST
7500;1741.5;1382.49;1.22;48.29;CHIST
7500;1746;1374.7;4.5;57.86;CHIST
7500;1749;1369.5;6.04;56.82;CHIST
7500;1751;1366.03;0.95;60.96;CHIST
7500;1754.14;1360.6;1.75;63.18;CHIST
7500;1757.91;1354.06;0.44;43.02;CHIST
7500;1542.35;1496.39;0.49;59.62;CHIST
7500;1545.11;1491.61;0.27;58.17;CHIST
7500;1547.88;1486.82;0.24;49.45;CHIST
7500;1550.56;1482.17;0.31;50.68;CHIST
7500;1553.25;1477.51;2.51;57.49;CHIST
7500;1556.07;1472.62;1.52;59.86;CHIST
7500;1561.9;1462.53;0.13;51.4;CHIST
7500;1566.9;1453.87;0.77;52.15;CHIST
7500;1571.9;1445.21;0.63;51.71;CHIST
7500;1576.9;1436.55;0.5;52.99;CHIST
7500;1581.9;1427.89;0.37;51.74;CHIST
7500;1586.9;1419.23;0.76;53.17;CHIST
7500;1591.15;1411.87;0.45;53.87;CHIST
7500;1595.4;1404.51;0.2;48.38;CHIST
7500;1598.4;1399.31;0.28;46.3;CHIST
7500;1601.4;1394.11;0.28;40.57;CHIST
7500;1605.11;1387.68;0.33;40.44;CHIST
7500;1608.82;1381.25;0.35;43.92;CHIST
7500;1613.82;1372.59;0.53;41.67;CHIST
7500;1618.82;1363.93;0.22;43.94;CHIST
7500;1622.86;1356.94;0.1;45.89;CHIST
7500;1348.09;1437.89;0.88;65.31;CNEW
7500;1346.21;1432.72;0.6;67.5;CNEW
7500;1343.7;1425.81;1.02;67.21;CNEW
7500;1341.62;1420.11;1.52;66.9;CNEW
7500;1340.23;1416.3;6.74;48.64;CNEW
7500;1337.64;1409.16;2.01;66.62;CNEW
7500;1334.34;1400.11;3.29;64.25;CNEW
7500;1332.45;1394.92;4.07;62.81;CNEW
7500;1331.5;1392.29;1.2;64.58;CNEW
7500;1329.53;1386.89;0.57;55.05;CNEW
7500;1326.63;1378.92;1.36;48.13;CNEW
7500;1324.04;1371.81;0.69;47.04;CNEW
7500;1321.63;1365.19;1.85;64.25;CNEW
7500;1318.56;1356.75;2.68;62.12;CNEW
7500;1315.46;1348.24;1.21;65.14;CNEW
7500;1312.37;1339.74;1.27;52.95;CNEW
7500;1309.32;1331.36;0.75;40.65;CNEW
7500;1306.1;1322.51;0.95;43.93;CNEW
7500;1302.68;1313.12;1.81;46.19;CNEW
7500;1299.26;1303.72;1.53;36.07;CNEW
7500;1295.84;1294.32;0.68;31.22;CNEW
7500;1292.42;1284.94;0.68;29.57;CNEW
7499.97;1440.67;1477.1;1.27;63.73;CNEW
7499.97;1437.46;1471.54;1.27;63.73;CNEW
7499.97;1434.82;1466.97;0.56;65.31;CNEW
7499.97;1430.4;1459.3;0.35;53.79;CNEW
7499.97;1427.81;1454.82;0.35;53.79;CNEW
7499.97;1426.2;1452.03;0.1;38.83;CNEW
7499.97;1422.17;1445.06;0.6;48.97;CNEW
7499.97;1417.27;1436.57;0.78;40.21;CNEW
7499.97;1412.4;1428.13;4.95;47.56;CNEW
7499.97;1407.42;1419.51;0.25;48.12;CNEW
7499.97;1402.42;1410.85;0.24;46.73;CNEW
7499.97;1397.42;1402.19;0.38;44.67;CNEW
7499.97;1392.42;1393.53;0.57;43.99;CNEW
7499.97;1389.67;1388.77;0.57;43.99;CNEW
7499.97;1386.92;1384;2.29;54.19;CNEW
7499.97;1383.92;1378.81;2.29;54.19;CNEW
7499.97;1380.92;1373.61;4.17;53.14;CNEW
7499.97;1375.92;1364.95;3.39;51.29;CNEW
7499.97;1370.92;1356.29;2.79;50.27;CNEW
7499.97;1365.92;1347.63;2.73;47.67;CNEW
7499.97;1361.82;1340.53;3.05;44.32;CNEW
7499.97;1357.72;1333.43;1.86;45.44;CNEW
7499.97;1352.72;1324.77;0.99;44.17;CNEW
7499.97;1347.72;1316.11;0.89;42.98;CNEW
7499.97;1344.67;1310.82;0.82;42.94;CNEW
7499.97;1341.77;1305.8;1.18;43.53;CNEW
7499.97;1337.05;1297.62;0.9;38.4;CNEW
7499.97;1332.42;1289.61;2.23;61.66;CNEW
7499.97;1327.92;1281.81;0.63;38.11;CNEW
7500.2;1891.27;1453.94;2.23;61.63;CHIST
7500.2;1895.95;1445.85;2.29;62.95;CHIST
7500.2;1900.95;1437.19;3.43;64.56;CHIST
7500.2;1905.14;1429.93;4.53;62.94;CHIST
7500.2;1909.32;1422.68;2.56;58.08;CHIST
7500.2;1913.64;1415.21;2.63;58.68;CHIST
7500.2;1917.7;1408.17;2.97;58.04;CHIST
7500.2;1922.32;1400.16;1.4;59.91;CHIST
7500.2;1927.2;1391.72;1.13;59.16;CHIST
7500.2;1929.95;1386.96;1.13;59.16;CHIST
7500.2;1932.7;1382.19;2.61;61.56;CHIST
7500.2;1937.52;1373.84;4.07;58.54;CHIST
7300.14;1528.39;1489.98;1.92;64.08;CHIST
7300.14;1525.05;1484.2;0.78;64.99;CHIST
7300.14;1521.5;1478.05;1.08;58.48;CHIST
7300.14;1516.66;1469.67;0.85;62.38;CHIST
7300.14;1498.74;1438.63;0.28;52.51;CHIST
7300.14;1493.74;1429.97;0.21;54.51;CHIST
7300.14;1489.03;1421.8;0.21;54.79;CHIST
7300.14;1485.32;1415.37;0.1;41.68;CHIST
7300.14;1481.32;1408.45;0.22;46.66;CHIST
7300.14;1477.43;1401.71;0.24;47.75;CHIST
7299.99;1686.66;1463.88;1.36;65.94;CHIST
7299.99;1689.43;1459.07;1.36;65.94;CHIST
7299.99;1691.64;1455.26;2.33;62.6;CHIST
7299.99;1696.06;1447.59;1.03;64.77;CHIST
7299.99;1701.06;1438.93;1.7;66.13;CHIST
7299.99;1705.28;1431.62;1.66;65.19;CHIST
7299.99;1709.51;1424.3;1.11;58.71;CHIST
7299.99;1714.01;1416.5;1.27;59.74;CHIST
7299.99;1718.51;1408.71;1.37;47.86;CHIST
7299.99;1723.51;1400.05;1.32;49.46;CHIST
7299.99;1727.89;1392.47;1.28;44.13;CHIST
7400;1866.7;1454.44;2.39;63.17;CHIST
7400;1871.7;1445.78;2.94;60.74;CHIST
7400;1875.4;1439.37;2.23;63.76;CHIST
7500;1916.67;1450.6;0.87;67.12;CHIST
7500;1921.67;1441.94;1.7;65.3;CHIST
7500;1926.3;1433.93;1.06;65.96;CHIST
7500;1930.92;1425.92;1.52;60.28;CHIST
7500;1935.91;1417.28;1.8;54.57;CHIST
6600.01;1155.24;1378;1.11;66.98;CNEW
6600.01;1151.13;1370.88;2.59;62.01;CNEW
6600.01;1145.07;1360.38;3.53;64.16;CNEW
6600.01;1142.33;1355.64;3.53;64.16;CNEW
6600.01;1140.69;1352.8;3.34;61.63;CNEW
6600.01;1137.52;1347.3;4.3;57.69;CNEW
6600.01;1133.09;1339.64;3.08;49.35;CNEW
6600.01;1129.22;1332.93;4.13;48.25;CNEW
6595.01;1063.22;1364.8;5.23;59.81;CNEW
6595.01;1060.27;1359.69;5.23;59.81;CNEW
6595.01;1057.32;1354.58;5.05;59.18;CNEW
6595.01;1052.32;1345.92;3.6;54.11;CNEW
6595.01;1047.32;1337.26;5.55;42.03;CNEW
6595.01;1044.62;1332.58;5.7;41.14;CNEW
6595.01;1041.92;1327.9;6.37;43.78;CNEW
6595.01;1036.97;1319.33;5.83;40.47;CNEW
6595.01;1032.38;1311.38;6.23;40.66;CNEW
6596.97;1210.5;1371.86;1.88;64.97;CNEW
6596.97;1205.72;1363.59;1.18;65.99;CNEW
6596.97;1201.75;1356.7;0.75;67.79;CNEW
6596.97;1197.07;1348.61;1.53;-99;CNEW
6596.97;1192.62;1340.9;1.3;52.19;CNEW
6596.97;1187.62;1332.24;1.42;53.8;CNEW
6596.97;1184.95;1327.61;0.97;55.01;CNEW
6596.97;1182.56;1323.47;2.45;51.44;CNEW
6699.96;1067;1351.35;3.12;59.28;CNEW
6699.96;1062.33;1343.25;4.95;45.72;CNEW
6699.96;1058.43;1336.5;1.38;42.45;CNEW
6699.96;1054.15;1329.09;1.92;43;CNEW
6699.96;1049.15;1320.43;2.28;37.34;CNEW
6699.96;1046.53;1315.89;2.28;37.34;CNEW
6799.92;1153.29;1380.48;4.09;63.12;CNEW
6799.92;1149.54;1373.98;2.13;56.54;CNEW
6799.92;1146.04;1367.92;3.22;61.15;CNEW
6799.92;1141.84;1360.65;3.87;55.9;CNEW
6799.92;1138.14;1354.24;12.6;37.16;CNEW
6799.92;1133.84;1346.79;1.74;34.61;CNEW
6799.92;1128.84;1338.13;1.18;34.86;CNEW
6799.92;1124.86;1331.25;1.73;34.07;CNEW
6799.92;1121.79;1325.92;1.94;37.38;CNEW
6799.98;1052.85;1380.03;5.5;57.76;CNEW
6799.98;1048.56;1372.6;6.08;58.03;CNEW
6799.98;1044.84;1366.15;0.91;47.89;CNEW
6899.98;1166.82;1374.13;1.59;66.12;CNEW
6899.98;1163.34;1368.11;2.44;64.93;CNEW
6899.98;1159.87;1362.09;3.78;55.24;CNEW
6899.98;1154.87;1353.43;5.21;56.45;CNEW
6899.98;1149.87;1344.77;4.66;58.35;CNEW
6899.98;1145.87;1337.84;4.95;49.27;CNEW
6899.98;1136.55;1321.69;2.8;47.83;CNEW
6899.98;1131.55;1313.03;3.24;46.36;CNEW
6899.98;1129.01;1308.64;3.24;46.36;CNEW
7000.01;1200.85;1373.47;2.35;63.74;CNEW
7000.01;1198.05;1368.62;2.35;63.74;CNEW
7000.01;1195.55;1364.29;0.6;68.85;CNEW
7000.01;1191.13;1356.63;4;78.23;CNEW
7000.01;1186.4;1348.44;1.8;65.95;CNEW
7000.01;1182.73;1342.08;2.44;65.24;CNEW
7000.01;1166.9;1314.67;1.28;61.86;CNEW
7000.01;1162.45;1306.96;0.75;65.46;CNEW
7099.82;1235.28;1376.85;2.74;60.14;CNEW
7099.82;1232.73;1372.43;2.74;60.14;CNEW
7099.82;1230.18;1368.02;2.42;65.07;CNEW
7099.82;1226.76;1362.09;2.17;64.22;CNEW
7099.82;1224.16;1357.58;3.61;56.07;CNEW
7099.82;1219.98;1350.35;3.12;62.8;CNEW
7099.82;1217.38;1345.85;3.12;62.8;CNEW
7099.82;1214.81;1341.39;1.27;57.82;CNEW
7099.82;1210.51;1333.94;1.72;44.14;CNEW
7099.82;1207.23;1328.27;2.09;53.15;CNEW
7099.89;1189.56;1369.36;5.95;57.34;CNEW
7099.89;1184.82;1361.15;10.18;56.59;CNEW
7099.89;1180.46;1353.6;4.42;62.64;CNEW
7099.89;1175.84;1345.59;4.1;60.74;CNEW
7099.89;1173.07;1340.8;4.1;60.74;CNEW
6999.88;1137.87;1358.1;3.86;61.11;CNEW
6999.88;1134.3;1351.93;3.48;61.71;CNEW
6999.88;1130.74;1345.76;3.03;63.46;CNEW
6999.88;1127.77;1340.61;3.03;63.46;CNEW
6949.81;1177.85;1373.34;4.05;63.36;CNEW
6949.81;1173.58;1365.94;2.05;62.85;CNEW
6949.81;1169.58;1359.01;2.52;65.54;CNEW
6949.81;1165.23;1351.48;0.76;68.2;CNEW
6949.81;1160.5;1343.29;3.01;64.52;CNEW
6949.81;1156.35;1336.1;3.91;62.84;CNEW
6949.81;1152.2;1328.92;2.8;61.44;CNEW
6949.81;1148.6;1322.68;3.35;60.53;CNEW
6949.81;1145.98;1318.13;2.01;48.64;CNEW
6950.05;1230.89;1368.36;0.36;68.5;CNEW
6950.05;1226.88;1361.41;0.83;58.18;CNEW
6950.05;1223.67;1355.84;0.49;53.62;CNEW
6950.05;1220.83;1350.93;0.8;48.08;CNEW
6749.96;1499.98;1368.5;0.7;68.34;CHIST
6749.96;1499.98;1363.15;0.56;67.91;CHIST
6749.96;1499.98;1358.35;2.39;61.23;CHIST
6749.96;1499.98;1354.7;1.38;63.43;CHIST
6749.96;1499.98;1344;0.71;57.18;CHIST
6749.96;1499.98;1336.3;0.8;66.36;CHIST
6749.96;1499.98;1329.8;0.61;66.27;CHIST
6749.96;1499.98;1323.62;0.44;46.03;CHIST
6749.96;1499.98;1315.37;0.56;67.85;CHIST
6749.96;1499.98;1306.8;0.45;68.23;CHIST
6749.96;1499.98;1301.6;0.37;68.23;CHIST
6749.96;1499.98;1298.15;1.51;61.47;CHIST
6749.96;1499.98;1292.15;0.58;66.84;CHIST
6749.96;1499.98;1284.4;0.67;64.68;CHIST
6749.96;1499.98;1276.1;0.67;64.68;CHIST
6749.96;1499.98;1267.8;1.34;56.78;CHIST
6750.29;1338.18;1347.08;1.77;66.22;CNEW
6750.29;1338.18;1337.71;0.85;58.16;CNEW
6750.29;1338.18;1324.83;0.61;57.94;CNEW
6750.29;1338.18;1317.06;0.29;59.07;CNEW
6750.29;1338.18;1308.11;0.81;64.07;CNEW
6750.29;1338.18;1297.71;2.5;56.22;CNEW
6750.29;1338.18;1291.43;2.5;56.22;CNEW
6639.95;1489.84;1354.81;0.71;68.65;CHIST
6639.95;1489.84;1346.74;0.44;68.69;CHIST
6639.95;1489.84;1336.74;0.36;68.8;CHIST
6639.95;1489.84;1330.11;0.58;68.31;CHIST
6639.95;1489.84;1324.44;0.85;67.74;CHIST
6639.95;1489.84;1316.04;0.77;67.18;CHIST
6639.95;1489.84;1306.69;1.12;43.11;CHIST
6639.95;1489.84;1296.69;0.22;36.92;CHIST
6639.95;1489.84;1286.69;0.36;41.31;CHIST
6639.95;1489.84;1276.69;0.3;47.44;CHIST
6639.95;1489.84;1269.84;0.28;41.25;CHIST
6649.91;1429.92;1356.66;0.88;64.75;CHIST
6649.91;1429.92;1348.06;0.88;63.95;CHIST
6649.91;1429.92;1339.46;0.52;67.01;CHIST
6649.91;1429.92;1329.46;0.57;67.48;CHIST
6649.91;1429.92;1319.46;0.57;67.91;CHIST
6649.91;1429.92;1309.46;0.28;68.9;CHIST
6649.91;1429.92;1299.46;0.17;69;CHIST
6649.91;1429.92;1289.46;0.19;68.76;CHIST
6649.91;1429.92;1279.46;0.4;68.16;CHIST
6649.91;1429.92;1269.46;0.9;67.94;CHIST
6649.91;1429.92;1262.01;1.02;67.93;CHIST
6750.27;1502.15;1359.99;2.32;62.8;CHIST
6750.27;1504.49;1355.94;1.31;48.48;CHIST
6750.27;1506.77;1352;1.32;54.4;CHIST
6750.27;1510.42;1345.68;0.21;69.49;CHIST
6750.27;1513.89;1339.66;0.27;69.35;CHIST
6750.27;1516.49;1335.16;0.52;68.28;CHIST
6750.27;1520.62;1328.02;0.37;68.41;CHIST
6750.27;1523.22;1323.51;0.42;68.09;CHIST
6750.27;1525.82;1319.01;1.19;47.44;CHIST
6750.27;1529.83;1312.06;1.28;49.15;CHIST
6750.27;1532.67;1307.14;0.82;60.28;CHIST
6750.27;1536.49;1300.52;0.93;41.65;CHIST
6750.27;1541.49;1291.86;1.12;43.9;CHIST
6750.27;1546.07;1283.93;0.93;40.15;CHIST
6850;1517.49;1368.36;1.89;59.36;CHIST
6850;1520.61;1362.97;2.04;49.3;CHIST
6850;1523.61;1357.77;1.97;57.73;CHIST
6850;1526.47;1352.81;0.32;68.32;CHIST
6850;1528.69;1348.96;0.38;53.59;CHIST
6850;1532.24;1342.81;0.54;65.36;CHIST
6850;1535.18;1337.72;0.57;67.42;CHIST
6850;1538.12;1332.64;0.2;69.35;CHIST
6850;1543.12;1323.98;0.74;67.82;CHIST
6850;1548.12;1315.32;1.2;66.66;CHIST
6850;1550.64;1310.94;1.1;67.2;CHIST
6850;1552.93;1306.98;1.05;65.13;CHIST
6850;1557.69;1298.73;1.19;37.96;CHIST
6850;1561.79;1291.63;1.05;36.62;CHIST
6850;1564.47;1287;1.07;66.16;CHIST
6850;1568.04;1280.8;1.56;38.37;CHIST
6850;1571.91;1274.11;1.48;41.38;CHIST
6949.99;1553.23;1381.23;0.17;66.77;CHIST
6949.99;1558.23;1372.57;0.21;68.74;CHIST
6949.99;1561.66;1366.64;0.28;68.52;CHIST
6949.99;1565.08;1360.71;2.53;64.54;CHIST
6949.99;1568.27;1355.18;2.53;64.54;CHIST
6949.99;1571.46;1349.66;1.97;65.76;CHIST
6949.99;1574.31;1344.73;1.97;65.76;CHIST
6949.99;1577.16;1339.79;4.39;58.8;CHIST
6949.99;1581.12;1332.93;6.75;51.1;CHIST
6949.99;1584.93;1326.32;2.95;63.27;CHIST
6949.99;1599.43;1301.21;1.84;37.63;CHIST
6949.99;1604.43;1292.55;1.6;39.53;CHIST
6949.99;1609.43;1283.89;1.09;40.33;CHIST
6949.99;1612.92;1277.85;1.01;40.43;CHIST
6949.98;1607.61;1395.29;1.89;64.62;CHIST
6949.98;1611.24;1389.01;1.87;65.63;CHIST
6949.98;1614.86;1382.74;2.29;64.41;CHIST
6949.98;1619.86;1374.08;2.82;63.96;CHIST
6949.98;1624.86;1365.42;3.33;62.56;CHIST
6949.98;1629.59;1357.23;2.04;63.85;CHIST
6949.98;1635.41;1347.14;2.08;61.38;CHIST
6949.98;1640.41;1338.48;1.81;62.25;CHIST
6949.98;1645.41;1329.82;1.41;63.49;CHIST
6949.98;1648.04;1325.27;1.38;63.58;CHIST
6949.98;1656.86;1309.99;1.74;38.1;CHIST
6949.98;1661.11;1302.63;0.85;31.71;CHIST
6949.98;1666.11;1293.97;0.87;32.32;CHIST
6949.98;1671.11;1285.31;0.66;36.98;CHIST
6949.98;1675.49;1277.73;0.56;33.45;CHIST
6649.98;1297.02;1357.44;1.93;61.24;CNEW
6649.98;1292.39;1349.43;1.82;63.63;CNEW
6649.98;1287.74;1341.38;1.25;61.95;CNEW
6649.98;1282.92;1333.02;1.53;55.24;CNEW
6649.98;1278.09;1324.66;2.12;58.14;CNEW
6649.98;1273.14;1316.09;2.81;60.09;CNEW
6649.98;1268.19;1307.51;2.81;47.95;CNEW
6649.98;1263.88;1300.04;3.27;45.56;CNEW
6649.98;1256.94;1288.03;1.71;47.04;CNEW
6649.98;1251.94;1279.37;0.86;43.22;CNEW
6649.98;1248.33;1273.11;0.31;39.38;CNEW
6649.98;1245.34;1267.94;0.7;42.69;CNEW
6800.28;1566.2;1336.03;0.78;68.24;CHIST
6800.23;1569.58;1330.24;0.83;68.35;CHIST
6800.19;1571.93;1326.32;2.29;58.68;CHIST
6800.05;1575.99;1319.57;1.63;47.97;CHIST
6799.92;1578.78;1314.92;1.63;47.97;CHIST
6799.76;1581.49;1310.4;1.8;41.25;CHIST
6799.38;1586.57;1301.97;2.04;38.32;CHIST
6798.94;1591.85;1293.49;1.19;30.52;CHIST
6798.39;1597.12;1285.01;1.25;28.64;CHIST
6797.79;1602.38;1276.53;0.94;32.81;CHIST
6797.08;1607.64;1268.05;0.62;30.29;CHIST
6796.39;1612.19;1260.67;0.62;29.69;CHIST
6795.64;1616.74;1253.29;0.4;33.02;CHIST
6795.1;1619.74;1248.59;0.4;33.02;CHIST
6794.65;1622.12;1244.86;0.38;32.86;CHIST
6600.01;1565.43;1337.55;1.12;32.14;CHIST
6599.92;1569.91;1329.84;1.87;42.66;CHIST
6599.81;1575.06;1321.27;1.61;45.95;CHIST
6599.6;1580.21;1312.69;1.15;44.62;CHIST
6599.42;1583.67;1306.93;1.02;43.92;CHIST
6599.23;1586.46;1302.28;1.42;36.98;CHIST
6598.87;1590.92;1294.82;0.91;36.72;CHIST
6598.34;1596.04;1286.25;1.52;40.37;CHIST
6598.02;1598.78;1281.66;1.52;40.37;CHIST
6597.66;1601.51;1277.08;0.75;34.73;CHIST
6596.9;1606.61;1268.51;0.49;30.61;CHIST
6596.25;1610.34;1262.21;0.48;29.42;CHIST
6595.61;1613.53;1256.78;0.51;29.67;CHIST
6594.63;1618.05;1249.09;0.34;37.3;CHIST
6593.72;1621.9;1242.51;0.27;34.7;CHIST
6800.88;1466.39;1282.39;0.58;39.58;CHIST
6801.96;1477.61;1266.15;0.56;64;CHIST
6803.57;1491.7;1247.51;0.4;53.49;CHIST
6804.42;1498.63;1238.97;0.19;68.59;CHIST
6805.09;1503.95;1232.71;0.3;68.72;CHIST
6805.64;1508.15;1227.84;0.64;53.74;CHIST
6806.35;1513.58;1221.74;0.99;63.35;CHIST
6807.22;1520.09;1214.6;0.75;61.9;CHIST
6808.02;1526.12;1208.14;0.4;37.97;CHIST
6808.75;1531.57;1202.47;0.39;36.92;CHIST
6809.53;1537.07;1196.92;0.51;33.56;CHIST
6649.97;1344.96;1336.76;1.4;57.73;CNEW
6649.97;1339.96;1328.1;1.54;55.91;CNEW
6649.97;1336.82;1322.66;1.07;54.7;CNEW
6649.97;1333.68;1317.21;0.68;47.12;CNEW
6649.97;1330.7;1312.06;0.68;47.12;CNEW
6649.97;1328.45;1308.17;1.45;62.36;CNEW
6649.97;1324.51;1301.34;1.28;53.73;CNEW
6649.97;1319.84;1293.25;2.53;40.23;CNEW
6649.97;1314.84;1284.59;1.16;36.12;CNEW
6649.97;1311.64;1279.04;0.65;39.04;CNEW
6649.97;1308.66;1273.89;0.14;41.75;CNEW
6649.97;1304.26;1266.27;0.16;38.99;CNEW
6649.97;1299.64;1258.25;0.12;34.74;CNEW
6649.97;1294.64;1249.59;0.17;37.62;CNEW
6649.97;1290.37;1242.2;0.16;37.61;CNEW
6649.97;1286.46;1235.43;0.15;40.25;CNEW
6649.58;1197.29;1369.97;2.92;64.17;CNEW
6649.58;1194.12;1364.47;2.92;64.17;CNEW
6649.58;1185.97;1350.35;1.14;58.01;CNEW
6649.58;1180.97;1341.69;2.03;56.22;CNEW
6649.58;1175.97;1333.03;3.13;49.39;CNEW
6649.58;1172.95;1327.81;1.83;47.77;CNEW
6649.58;1169.94;1322.59;1.01;47.79;CNEW
6649.58;1166.04;1315.84;1.93;45.1;CNEW
6649.58;1162.74;1310.12;1.58;40.15;CNEW
6649.58;1158.34;1302.5;0.65;36.37;CNEW
6649.58;1155.07;1296.83;0.65;36.37;CNEW
6649.58;1149.12;1286.52;0.4;29.96;CNEW
6649.58;1145.24;1279.81;0.5;31.97;CNEW
7049.96;1323.62;1375.68;1.05;57.05;CNEW
7050.04;1317.32;1364.77;0.45;52.19;CNEW
7050.18;1312.46;1356.03;0.65;55.39;CNEW
7050.29;1308.67;1349.19;1.05;52.72;CNEW
7050.45;1304.86;1342.36;1.69;43.89;CNEW
7050.52;1302.1;1337.86;1.69;43.89;CNEW
7050.5;1299.54;1333.83;1.29;57.96;CNEW
7050.21;1294.64;1326.26;3.45;37.65;CNEW
7049.69;1281.3;1305.71;0.18;67.82;CNEW
7049.59;1270.51;1288.55;0.15;66.64;CNEW
7049.63;1266.84;1282.68;0.27;46.22;CNEW
6999.92;1686.58;1408.44;2.48;63.27;CHIST
6999.78;1690.07;1402.14;4.48;54.65;CHIST
6999.53;1693.82;1395.19;1.23;55;CHIST
6999.31;1696.42;1390.27;1.3;53.52;CHIST
6999.1;1698.44;1386.45;1.7;57.08;CHIST
6998.41;1703.84;1376.01;1.63;54.61;CHIST
6997.74;1708.14;1367.48;1.7;46.51;CHIST
6996.91;1712.46;1358.5;1.16;49.12;CHIST
6996.15;1715.99;1351.09;0.79;52.82;CHIST
6995.32;1719.38;1343.61;1.45;50.62;CHIST
6994.17;1723.43;1334.54;1.85;49.83;CHIST
6993.27;1726.26;1327.87;1.89;50.7;CHIST
6992.48;1728.51;1322.53;1.38;53.15;CHIST
6991.46;1731.18;1315.98;2.96;42.42;CHIST
6990.24;1734.31;1308.06;1.09;43.88;CHIST
6989.16;1736.92;1301.24;1.09;43.9;CHIST
6988.36;1738.78;1296.24;3.07;44.92;CHIST
6984.7;1746.14;1275;2.78;41.79;CHIST
6983.4;1748.41;1267.87;0.71;35.97;CHIST
6982.12;1750.66;1260.77;0.72;33.47;CHIST
6699.44;1229.79;1366.09;3.38;61.67;CNEW
6699.42;1224.88;1357.9;1.4;66.58;CNEW
6699.4;1219.69;1349.35;0.92;65.81;CNEW
6699.43;1215.41;1342.51;1.1;64.67;CNEW
6699.46;1211.95;1337.04;1.2;52.26;CNEW
6699.44;1207.35;1330;1.23;44.38;CNEW
6699.35;1202.68;1323.2;1.16;43.91;CNEW
6699.03;1192.81;1309.37;1.25;32.28;CNEW
6698.84;1187.85;1302.68;1.78;33.8;CNEW
6698.54;1180.61;1293.21;1.48;32.52;CNEW
6698.22;1174.42;1285.36;0.68;33.05;CNEW
6697.85;1168.09;1277.64;0.59;34.03;CNEW
6697.39;1161.65;1270;0.74;33.95;CNEW
6697.1;1157.9;1265.68;0.75;33.94;CNEW
6696.12;1145.5;1251.75;1.73;30.59;CNEW
6695.59;1138.83;1244.32;1.17;29.94;CNEW
6695.07;1132.16;1236.89;1.68;31.48;CNEW
6694.6;1125.49;1229.46;1.06;32.84;CNEW
6694.27;1120.73;1224.16;1.67;34.84;CNEW
7400.86;1913.23;1444.55;1.86;65.77;CHIST
7400.86;1918.23;1435.89;2.02;65;CHIST
7400.86;1921.02;1431.06;1.94;64.78;CHIST
7400.86;1922.75;1428.05;5.33;56.13;CHIST
7201.45;1703.27;1455.34;2.97;64.69;CHIST
7201.38;1706.34;1449.96;3.15;63.88;CHIST
7201.22;1710.26;1442.87;0.86;67.45;CHIST
7200.96;1715.13;1434.14;1.3;65.62;CHIST
7200.72;1719.04;1427.37;1.94;103.21;CHIST
7200.47;1722.94;1420.59;2.32;57.78;CHIST
7200.27;1725.9;1415.55;2.32;57.78;CHIST
7200.07;1728.9;1410.53;2.92;54.74;CHIST
7199.89;1731.51;1406.18;2.92;54.74;CHIST
7199.71;1734.12;1401.83;1.38;44.38;CHIST
7199.31;1739.41;1393.35;0.5;37.12;CHIST
7198.9;1744.49;1385.19;0.74;36.71;CHIST
7198.49;1749.45;1377.22;1.11;38.62;CHIST
7198.05;1754.62;1368.93;1.06;41.07;CHIST
7197.63;1759.55;1361;1.11;43.1;CHIST
7197.25;1763.99;1353.88;1.02;46.75;CHIST
7196.84;1768.77;1346.2;0.63;41.2;CHIST
7196.35;1774.15;1337.79;0.42;41.16;CHIST
7195.85;1779.57;1329.4;0.45;42.67;CHIST
7195.34;1785.04;1321.04;0.57;44.06;CHIST
7194.93;1789.45;1314.47;0.56;44.59;CHIST
7194.56;1793.33;1308.69;0.42;44.37;CHIST
7194.06;1798.31;1301.27;0.6;43.15;CHIST
7193.54;1803.35;1293.77;0.49;42.85;CHIST
7192.97;1808.56;1286.27;0.37;39.38;CHIST
7192.48;1812.99;1279.9;0.55;39.74;CHIST
7192.01;1817.13;1273.96;0.37;41.43;CHIST
7191.4;1822.5;1266.34;0.52;39.72;CHIST
7190.72;1828.27;1258.35;0.71;39.25;CHIST
7190.06;1833.78;1250.71;0.56;36.27;CHIST
7254.17;1759.67;1458.2;3.29;63.23;CHIST
7254.16;1762.35;1453.56;3.02;65.09;CHIST
7254.14;1766.25;1446.81;2.09;53.6;CHIST
7254.14;1768.9;1442.31;2.09;53.6;CHIST
7254.13;1771.52;1437.79;1.14;45.83;CHIST
7254.12;1776.52;1429.12;0.92;45.83;CHIST
7254.12;1781.52;1420.46;1.17;48.16;CHIST
7254.12;1786.52;1411.8;0.99;42.86;CHIST
7254.11;1791.52;1403.14;0.66;41.68;CHIST
7254.06;1796.52;1394.48;0.71;43.1;CHIST
7253.99;1801.52;1385.82;0.46;45.25;CHIST
7253.99;1806.56;1377.19;0.42;49.05;CHIST
7253.98;1811.56;1368.53;0.45;45.41;CHIST
7253.89;1816.56;1359.87;0.75;46.55;CHIST
7253.77;1820.58;1352.9;0.72;47.25;CHIST
7253.66;1824.07;1346.88;0.38;45.71;CHIST
7253.46;1828.64;1339.26;0.45;47.29;CHIST
7253.22;1833.35;1331.41;0.64;46.67;CHIST
7252.96;1837.63;1324.28;0.45;45.16;CHIST
7252.64;1842.44;1316.47;0.53;41.08;CHIST
7252.27;1847.72;1307.99;0.63;41.18;CHIST
7251.87;1853.01;1299.51;0.59;42.17;CHIST
7251.47;1858.29;1291.03;0.8;45.02;CHIST
7251.26;1861.32;1286.17;0.88;46.93;CHIST
7251.07;1864.33;1281.52;1.52;52.83;CHIST
7250.74;1869.68;1273.28;1.15;34.69;CHIST
7298.29;1733.43;1464.32;5.01;59.01;CHIST
7298.27;1737.43;1457.62;3.33;64.11;CHIST
7298.26;1742.79;1449.18;3.24;62.23;CHIST
7298.28;1746.06;1444.14;3.24;62.14;CHIST
7298.31;1748.97;1439.66;1.1;56.3;CHIST
7298.31;1754.07;1431.82;1.8;49.87;CHIST
7298.24;1759.66;1423.53;1.06;46.58;CHIST
7298.09;1765.25;1415.24;1.04;44.3;CHIST
7297.85;1770.94;1407.02;0.93;41.58;CHIST
7297.57;1776.67;1398.83;0.61;37.73;CHIST
7297.15;1782.43;1390.66;0.63;35.25;CHIST
7296.7;1788.29;1382.57;0.67;38.48;CHIST
7296.18;1794.25;1374.56;0.68;43.66;CHIST
7295.65;1800.33;1366.64;0.58;50.09;CHIST
7294.98;1806.5;1358.8;0.46;48.16;CHIST
7294.34;1812.76;1351.03;0.48;46.57;CHIST
7293.67;1819.14;1343.36;0.67;50.64;CHIST
7293.02;1825.66;1335.81;0.32;45.24;CHIST
7292.63;1829.53;1331.43;0.32;45.24;CHIST
7292.28;1833.43;1327.09;0.44;49.71;CHIST
7291.97;1837.01;1323.09;0.44;49.71;CHIST
7291.68;1840.6;1319.1;0.74;49.58;CHIST
7291.21;1847.39;1311.78;0.49;44.72;CHIST
7290.78;1854.34;1304.6;0.47;43.18;CHIST
7290.37;1861.47;1297.59;0.79;46.19;CHIST
7289.99;1868.72;1290.73;0.73;42.61;CHIST
7289.52;1876.11;1284;0.68;40.67;CHIST
7289.14;1883.53;1277.31;0.89;43.65;CHIST
7288.97;1888.28;1273.03;1.02;45.43;CHIST
7099.26;1767.14;1406.71;1.99;59.64;CHIST
7099.18;1772.29;1398.14;1.16;58.26;CHIST
7099.09;1775.79;1392.31;1.23;59.96;CHIST
7098.96;1778.88;1387.17;0.68;52.87;CHIST
7098.73;1782.6;1380.72;0.78;49.47;CHIST
7098.4;1786.71;1373.57;1.23;56.94;CHIST
7097.82;1791.68;1364.91;1.28;57.17;CHIST
7097.06;1796.62;1356.25;1.11;52.65;CHIST
7096.34;1800.63;1349.2;1.51;52.31;CHIST
7095.52;1804.63;1342.14;1.14;46.99;CHIST
7094.35;1809.65;1333.57;0.9;46.76;CHIST
7093.05;1814.63;1325;0.8;42.13;CHIST
7091.63;1819.58;1316.43;0.95;39.95;CHIST
7090.09;1824.53;1307.87;0.86;42.8;CHIST
7088.39;1829.54;1299.39;1.13;39.9;CHIST
7087.24;1832.66;1294.07;1.21;38.98;CHIST
6999.25;1801.03;1402.74;6.76;58.7;CHIST
6999.23;1805.06;1395.77;3.81;63.14;CHIST
6999.19;1810.1;1387.19;1.2;63.72;CHIST
6999.1;1815.25;1378.62;1.02;65.05;CHIST
6998.94;1820.39;1370.04;0.91;65.99;CHIST
6998.77;1825.39;1361.38;1.69;63.48;CHIST
6998.69;1828.29;1356.36;1.92;62.44;CHIST
7199.94;1761.19;1445.16;4.41;59.98;CHIST
7199.85;1765.09;1438.7;4.79;62.79;CHIST
7199.67;1769.63;1431.64;3.16;58.73;CHIST
7199.39;1774.6;1424.19;2.53;50.31;CHIST
7199.04;1779.59;1416.78;0.96;45.73;CHIST
7198.82;1782.57;1412.52;0.96;45.73;CHIST
7198.63;1785.62;1408.31;1.23;46.83;CHIST
7198.4;1788.99;1403.78;1.23;46.83;CHIST
7198.2;1792.4;1399.38;1.63;52.04;CHIST
7197.84;1798.24;1392.02;1.45;49;CHIST
7197.5;1804.22;1384.68;0.71;43.63;CHIST
7197.27;1810.72;1377.08;1.12;46.82;CHIST
7197.09;1817.33;1369.58;0.93;47.64;CHIST
7196.89;1821.24;1365.24;0.7;48.07;CHIST
7196.68;1824.26;1361.87;0.44;45.18;CHIST
7196.22;1830.05;1355.43;0.62;43.29;CHIST
7195.45;1836.73;1348.03;0.86;43.23;CHIST
7194.38;1843.52;1340.77;0.75;43.42;CHIST
7193.13;1850.42;1333.63;0.65;42.34;CHIST
7192.28;1854.65;1329.44;0.7;40.26;CHIST
7191.34;1858.95;1325.32;0.9;47.5;CHIST
7190.44;1863.04;1321.52;0.9;47.5;CHIST
7189.52;1867.13;1317.74;0.86;35.57;CHIST
7188.57;1871.02;1314.23;0.86;35.57;CHIST
7187.59;1874.9;1310.75;1.2;38.46;CHIST
6899.49;1717.27;1377.26;7.17;54.24;CHIST
6899.37;1722.45;1368.97;8.18;52.04;CHIST
6899.28;1727.62;1360.68;3.22;60.03;CHIST
6899.06;1733.06;1352.28;3.99;59.36;CHIST
6898.76;1738.49;1343.9;4.75;57.53;CHIST
6898.5;1743.97;1335.53;5.2;56.1;CHIST
6898.18;1749.55;1327.24;3.7;57.87;CHIST
6897.92;1753.17;1321.85;2.34;58.84;CHIST
6897.65;1756.31;1317.19;2.5;52.63;CHIST
6897.2;1761.17;1309.96;1.46;54.26;CHIST
6896.72;1766.51;1302;0.76;40.81;CHIST
6896.39;1772.16;1293.75;0.77;38.57;CHIST
6896.24;1777.29;1286.48;0.93;37.98;CHIST
6896.12;1782.44;1279.38;1.26;25.65;CHIST
6810.74;1704.89;1372.74;12.3;51.71;CHIST
6810.75;1709.77;1364.21;6.71;56.86;CHIST
6810.55;1739.96;1314.61;3.31;40.74;CHIST
6810.53;1745.25;1306.13;2.4;52.46;CHIST
6810.51;1750.55;1297.64;1.93;46.01;CHIST
6810.45;1755.36;1289.95;1.74;48.37;CHIST
6810.38;1759.89;1282.7;0.95;38.03;CHIST
6810.23;1764.98;1274.7;1.66;42.15;CHIST
6809.99;1770.09;1267.12;1.32;38.16;CHIST
6809.71;1775.16;1259.82;1.85;16.39;CHIST
7405.4;1821.25;1458.8;3.49;57.56;CHIST
7405.44;1826.4;1450.22;2.2;55.55;CHIST
7405.44;1829.06;1445.82;2.19;55.54;CHIST
7405.43;1831.79;1441.45;1.54;58.49;CHIST
7405.4;1834.75;1436.72;1.54;58.49;CHIST
7405.38;1837.64;1432.16;2.85;62.3;CHIST
7405.41;1843.01;1423.97;3.85;61.09;CHIST
7405.54;1848.69;1415.76;3.35;60.87;CHIST
7405.63;1851.84;1411.26;3.35;60.87;CHIST
7405.75;1855.07;1406.81;1.72;61.61;CHIST
7405.87;1858.46;1402.14;1.72;61.61;CHIST
7406;1861.96;1397.54;1.4;66.14;CHIST
7406.16;1865.88;1392.36;1.4;66.14;CHIST
7406.34;1869.87;1387.23;0.99;56.73;CHIST
7406.5;1872.96;1383.27;0.99;56.73;CHIST
7406.65;1875.81;1379.73;0.84;49.81;CHIST
7407;1881.85;1372.38;1.48;62.42;CHIST
7407.24;1885.35;1368.2;1.48;62.42;CHIST
7407.51;1888.88;1364.06;1.19;47.82;CHIST
7408.03;1895.44;1356.53;0.69;41.97;CHIST
7408.53;1901.84;1349.39;0.82;40.25;CHIST
7408.99;1907.68;1342.89;2.24;53.28;CHIST
7409.48;1913.78;1336.09;0.91;43.13;CHIST
7409.98;1920.46;1328.66;1.22;39.66;CHIST
7410.26;1924.49;1324.17;1.29;38.92;CHIST
6600.85;1758.75;1321.01;2.7;50.53;CHIST
6601.12;1764.33;1312.72;2.34;50.68;CHIST
6601.31;1768.28;1306.85;2.25;50.72;CHIST
6672.13;1776.55;1288.72;1.75;55.49;CHIST
6749.88;1442.63;1297.2;1.15;49.21;CHIST
6749.88;1444.08;1293.23;0.28;42.22;CHIST
6750;1449.05;1280.31;0.19;43.98;CHIST
6750.17;1452.85;1271.06;0.19;50.39;CHIST
6750.5;1456.75;1261.86;0.38;47.98;CHIST
6750.81;1460.07;1254.31;0.67;41.63;CHIST
6752;1473.44;1226.15;0.1;50.01;CHIST
6753.05;1487.46;1198.3;0.14;53.76;CHIST
6753.19;1490.79;1191.75;0.14;51.56;CHIST
6753.27;1494.08;1185.18;0.21;67.94;CHIST
6753.28;1498.46;1176.19;0.22;68.98;CHIST
6753.21;1501.59;1169.79;0.28;68.82;CHIST
6753.15;1503.34;1166.17;0.84;65.32;CHIST
6753;1506.26;1159.91;0.52;41.34;CHIST
6752.79;1510.29;1151.26;0.4;36.96;CHIST
6752.58;1514.32;1142.6;0.32;37.2;CHIST
6752.43;1516.64;1137.62;0.32;37.2;CHIST
6752.3;1518.7;1133.18;0.34;33.19;CHIST
6752.03;1522.67;1124.66;0.17;40;CHIST
6751.86;1524.81;1120.06;0.17;40;CHIST
6751.67;1526.93;1115.48;0.32;37.39;CHIST
6700.26;1154.96;1343.9;1.11;57.71;CNEW
6700.41;1152.44;1335.1;0.82;55.52;CNEW
6700.56;1150.04;1326.69;2.11;51.57;CNEW
6700.95;1144.87;1308.62;1.52;37.79;CNEW
6701.18;1142.12;1299;1.61;35.51;CNEW
6701.45;1139.38;1289.39;1.81;38.77;CNEW
6701.74;1136.48;1279.83;1.9;47.13;CNEW
6702.05;1133.57;1270.26;2.11;36.07;CNEW
6702.35;1130.66;1260.7;1.57;35.74;CNEW
6702.6;1128.13;1252.2;1.68;43.42;CNEW
6702.97;1124.89;1241.51;2.64;40.61;CNEW
6703.16;1123.38;1236.54;2.64;40.61;CNEW
6703.35;1121.87;1231.57;0.78;33.58;CNEW
6703.74;1118.97;1222;1.11;32.03;CNEW
6704.09;1116.07;1212.44;1.1;29.47;CNEW
6704.44;1113.37;1203.55;0.6;31.33;CNEW
6704.82;1110.68;1194.65;1.22;29.93;CNEW
6705.2;1107.84;1185.07;1.74;30;CNEW
6705.54;1105.1;1175.46;1.3;20.95;CNEW
6705.9;1102.37;1165.85;1.86;22.53;CNEW
6706.27;1099.64;1156.23;1.35;17.01;CNEW
6706.47;1098.22;1151.24;1.32;16.72;CNEW
7199.47;1610.33;1455.31;1.44;66.98;CHIST
7199.41;1615.35;1446.66;1.6;66.59;CHIST
7199.33;1620.47;1438.07;0.89;65.12;CHIST
7199.2;1625.46;1429.41;1.34;65.15;CHIST
7199.07;1628.04;1424.95;1.58;65.38;CHIST
7198.85;1630.6;1420.49;0.54;61.48;CHIST
7198.3;1635.48;1412.18;0.42;61.89;CHIST
7197.68;1640.32;1403.85;0.69;62.36;CHIST
7197.14;1644.43;1396.75;0.53;62.02;CHIST
7196.67;1648.64;1389.7;0.39;57.83;CHIST
7196.15;1653.59;1381.41;0.62;56.25;CHIST
7195.67;1658.55;1373.11;1.9;41.27;CHIST
7195.26;1662.68;1366.21;1.95;46.01;CHIST
7194.82;1666.8;1359.31;1.15;59.38;CHIST
7194.16;1671.91;1350.74;1.49;55.59;CHIST
7193.45;1676.82;1342.49;0.97;60.87;CHIST
7192.64;1681.71;1334.24;1.12;44.84;CHIST
7191.67;1686.77;1325.67;0.93;39.62;CHIST
7190.6;1691.8;1317.1;0.66;38.16;CHIST
7189.46;1696.82;1308.52;0.73;41.63;CHIST
7188.78;1699.59;1303.79;0.73;41.76;CHIST
7188.14;1702.04;1299.57;0.46;38.3;CHIST
7186.89;1706.58;1291.9;0.33;38.14;CHIST
7185.45;1711.46;1283.75;0.4;38.36;CHIST
7183.95;1716.54;1275.27;0.41;36.86;CHIST
7182.45;1721.62;1266.79;0.75;35.68;CHIST
7181.64;1724.45;1262.09;0.8;35.53;CHIST
6699.94;1405.81;1286.17;0.22;45.59;CNEW
6699.94;1400.81;1277.51;0.31;47.26;CNEW
6699.94;1396.83;1270.6;0.4;46.18;CNEW
6699.94;1392.84;1263.69;0.18;38.17;CNEW
6699.94;1390.15;1259.04;0.18;38.17;CNEW
6699.94;1387.65;1254.71;2.04;34.24;CNEW
6699.94;1382.84;1246.37;0.34;35.05;CNEW
6699.94;1377.84;1237.71;0.13;39.93;CNEW
6699.94;1372.84;1229.05;0.15;40.18;CNEW
6699.94;1367.84;1220.39;0.21;37.35;CNEW
6699.94;1364.59;1214.76;0.24;37.49;CNEW
6700.09;1413.85;1286.34;0.29;49.29;CHIST
6700.09;1418.64;1278.05;0.29;55.66;CHIST
6700.09;1421.35;1273.35;0.29;55.66;CHIST
6700.09;1424.06;1268.65;0.26;67.36;CHIST
6700.09;1427.82;1262.14;0.23;67.4;CHIST
6700.09;1431.59;1255.62;0.73;53.52;CHIST
6700.09;1434.77;1250.1;0.73;53.52;CHIST
6700.09;1437.96;1244.58;0.36;44.98;CHIST
6700.09;1441.26;1238.86;0.32;45.98;CHIST
7200.16;1512.43;1455.77;0.92;39.81;CHIST
7200.16;1509.67;1448.18;0.34;32.82;CHIST
7100.25;1423.42;1381.84;0.87;58.64;CNEW
7100.2;1428.42;1373.18;0.81;56.39;CNEW
7100.14;1432.98;1365.27;0.6;54.05;CNEW
7100.09;1437.55;1357.37;0.58;50.39;CNEW
7100.05;1441.78;1350.03;0.83;49.97;CNEW
7100.05;1446.02;1342.69;0.4;41.07;CHIST
7100.02;1451.02;1334.03;0.23;41.48;CHIST
7099.96;1455.89;1325.3;0.27;41.79;CHIST
7099.99;1459.28;1319.17;0.33;46.27;CHIST
7100.09;1464.85;1309.46;0.22;49.74;CHIST
7100.16;1469.85;1300.8;0.5;45;CHIST
7100.2;1472.94;1295.43;0.57;43.88;CHIST
6600;1232.67;1338.92;0.62;62.04;CNEW
6600.03;1231.37;1331.74;0.53;63.63;CNEW
6600.06;1230.01;1324.74;1.19;51.98;CNEW
6600.1;1228.14;1315.1;0.93;49.08;CNEW
6600.16;1226.23;1305.28;0.82;44.41;CNEW
6600.21;1224.32;1295.47;0.45;42.9;CNEW
6600.23;1222.95;1288.42;0.38;42.6;CNEW
6600.24;1221.58;1281.38;2.76;32.25;CNEW
6600.24;1220.55;1276.06;2.76;32.25;CNEW
6600.21;1218.3;1265.08;0.67;46.64;CNEW
6600.16;1216.51;1256.65;0.56;45.98;CNEW
6600.1;1214.72;1247.72;0.47;51.15;CNEW
6600.03;1212.82;1237.91;0.64;44.87;CNEW
6599.95;1211.05;1228.8;1.02;39.25;CNEW
6599.85;1209.17;1219.11;0.91;40.44;CNEW
6599.83;1208.24;1213.33;0.91;40.44;CNEW
7299.95;1133.28;1340.93;5.45;57.17;CNEW
7299.9;1127.68;1332.64;4.77;58.37;CNEW
7299.89;1122.06;1324.37;4.65;53.71;CNEW
7299.92;1116.47;1316.39;3.85;51.95;CNEW
7299.97;1110.86;1308.41;1.52;51.49;CNEW
7300.03;1104.99;1300.32;1.27;51.48;CNEW
7300.08;1098.99;1292.32;1.32;46.76;CNEW
7300.1;1092.87;1284.4;2.27;44.3;CNEW
7300.12;1088.8;1279.18;2.31;47.31;CNEW
7300.19;1084.51;1273.62;1.83;48.1;CNEW
7300.34;1078.88;1266.16;3.91;56.4;CNEW
7300.52;1074.85;1260.81;4.15;56.7;CNEW
7300.75;1070.99;1255.67;2.6;35.96;CNEW
7301.15;1065.15;1247.91;1.84;28.12;CNEW
7301.54;1060.23;1241.36;2.13;19.78;CNEW
7400.43;1168.71;1388.72;2.14;60.22;CNEW
7400.45;1165.01;1382.31;2.68;59.21;CNEW
7400.5;1158.42;1370.88;2.53;62.99;CNEW
7400.51;1155.87;1366.29;2.53;62.99;CNEW
7400.6;1146.49;1349.37;1.96;53.91;CNEW
7400.64;1143.22;1343.46;1.96;53.91;CNEW
7400.69;1139.95;1337.56;2.06;57.26;CNEW
7400.74;1135.1;1328.81;2.32;53.23;CNEW
7400.78;1131.84;1322.93;2.4;52.06;CNEW
7400.81;1128.58;1317.05;3.19;32.23;CNEW
7400.83;1125.96;1312.33;3.19;32.23;CNEW
7400.85;1123.34;1307.6;1.72;25.61;CNEW
7400.86;1118.49;1298.86;2.99;24.33;CNEW
7400.84;1113.65;1290.11;6.77;25.43;CNEW
7400.8;1108.85;1281.33;3.89;24.35;CNEW
7400.77;1104.16;1272.51;1.98;17.11;CNEW
7400.74;1099.46;1263.68;2.45;15.95;CNEW
7400.72;1094.77;1254.85;3.45;12.56;CNEW
7400.72;1090.07;1246.02;3.53;11.64;CNEW
7400.75;1085.38;1237.19;0.95;19.54;CNEW
7400.8;1080.68;1228.36;1.09;25.06;CNEW
7400.84;1076.63;1220.74;1.85;24.2;CNEW
7500.39;1274.65;1410.65;2.66;62.71;CNEW
7500.39;1272.01;1403.71;1.13;68.02;CNEW
7500.42;1269.17;1396.42;4.13;62.65;CNEW
7500.46;1265.87;1388.24;1.48;66.8;CNEW
7500.56;1262.02;1379.01;0.98;67.93;CNEW
7500.64;1259.88;1373.83;1.25;67.54;CNEW
7500.7;1257.78;1368.64;1.5;65.64;CNEW
7500.81;1254.39;1360.25;1.86;64.76;CNEW
7500.91;1251.01;1351.86;2.57;44.09;CNEW
7500.97;1248.92;1346.69;2.57;44.09;CNEW
7501.01;1247.5;1343.19;1.52;47.66;CNEW
7501.08;1244.47;1335.68;2.38;32.02;CNEW
7501.16;1240.76;1326.5;2.4;30.89;CNEW
7501.23;1236.86;1317.29;2.6;30.5;CNEW
7501.24;1233.02;1308.25;1.34;29.17;CNEW
7501.19;1229.19;1299.21;1.24;27.75;CNEW
7501.06;1225.28;1290;1.69;24.96;CNEW
7500.83;1221.26;1280.85;1.96;24.72;CNEW
7500.5;1217.08;1271.77;1.75;28.94;CNEW
7500.14;1212.87;1262.71;1.93;25.89;CNEW
7499.83;1209.75;1256.06;1.77;19.84;CNEW
7499.5;1206.54;1249.45;1.66;14.71;CNEW
7499.02;1202.19;1240.47;1.75;12.69;CNEW
7498.55;1198.25;1232.33;2.14;14.17;CNEW
7300.9;1229.96;1388.12;11.7;51.75;CNEW
7300.93;1226.62;1382.34;12.11;51.66;CNEW
7300.98;1223.99;1377.89;1.83;61.34;CNEW
7301.05;1220.14;1371.48;1.47;65.34;CNEW
7301.11;1216.24;1364.99;1.02;60.49;CNEW
7301.21;1210.86;1356.03;3.54;56.67;CNEW
7301.34;1205.71;1347.46;4.57;49.67;CNEW
7301.46;1200.79;1339.27;5.15;46.69;CNEW
7301.58;1196.23;1331.69;1.64;51.7;CNEW
7301.68;1191.44;1323.72;1.38;62.63;CNEW
7301.74;1188.33;1318.53;1.38;62.63;CNEW
7301.8;1185.21;1313.34;0.98;52.73;CNEW
7301.83;1182.48;1308.8;0.98;52.73;CNEW
7301.86;1179.81;1304.28;1.49;51.7;CNEW
7301.92;1175.04;1296.3;0.92;37.69;CNEW
7301.94;1170.22;1288.29;2.74;54.93;CNEW
7301.97;1165.56;1280.53;3.93;47.74;CNEW
7302.02;1160.11;1271.47;1.52;45.78;CNEW
7302.08;1155.05;1263.04;1.75;63;CNEW
7302.13;1152.08;1258.09;1.75;63;CNEW
7302.16;1149.85;1254.39;2.31;61.43;CNEW
7302.22;1146.1;1248.15;1.77;59.09;CNEW
7302.3;1141.61;1240.67;1.49;43.36;CNEW
7302.38;1136.46;1232.1;2.11;36.19;CNEW
7302.43;1132.48;1225.48;2.39;33.04;CNEW
7302.51;1128.51;1218.86;2.7;30;CNEW
7302.57;1125.53;1213.91;2.7;30;CNEW
7302.63;1122.56;1208.96;3.12;24.93;CNEW
7302.74;1117.41;1200.39;3.26;22.82;CNEW
7302.86;1112.26;1191.81;1.72;25.88;CNEW
7302.98;1107.11;1183.24;2.13;27.51;CNEW
7303.11;1101.96;1174.67;2.83;24.14;CNEW
7303.18;1098.86;1169.51;2.42;17.05;CNEW
7201.88;1260.24;1382.87;1.82;55.68;CNEW
7201.95;1255.67;1375.14;5.77;59.18;CNEW
7201.99;1253.03;1370.69;5.77;59.18;CNEW
7202.03;1250.44;1366.21;7.7;54.6;CNEW
7202.11;1247.74;1361.42;7.7;54.6;CNEW
7202.17;1245.9;1358.1;1.12;60.78;CNEW
7202.36;1241.88;1350.84;1.21;58.27;CNEW
7202.61;1237.15;1342.03;1.38;59.58;CNEW
7202.8;1233.64;1335.41;1.43;55.62;CNEW
7203.01;1230.12;1328.79;0.71;48.4;CNEW
7203.32;1225.51;1320.09;0.63;42.3;CNEW
7203.59;1221.55;1312.63;0.87;41.2;CNEW
7203.84;1217.87;1305.7;2.2;61.14;CNEW
7204.14;1213.54;1297.53;1.21;39.89;CNEW
7204.5;1208.86;1288.7;1.27;38.87;CNEW
7204.91;1204.18;1279.87;1.29;39.98;CNEW
7205.24;1200.56;1273.03;1.32;42.57;CNEW
7205.55;1197.38;1267.02;0.64;35.3;CNEW
6599.95;1341.89;1297.68;1;43.2;CNEW
6599.99;1346.83;1288.98;1.61;48.45;CNEW
6600.02;1351.12;1281.24;1.6;44.5;CNEW
6600.06;1354.85;1274.51;0.75;58.45;CNEW
6600.14;1359.14;1266.77;0.54;53.68;CNEW
6600.21;1361.74;1262.06;0.54;53.68;CNEW
6600.28;1364.35;1257.36;1.25;45.43;CNEW
6600.45;1369.19;1248.62;0.59;44.67;CNEW
6600.63;1373.44;1240.86;0.5;45.7;CNEW
6600.81;1377.59;1233.04;0.15;49.05;CNEW
6601;1382.25;1224.28;0.12;53.75;CNEW
6601.13;1386.37;1216.53;0.24;44.43;CNEW
6601.23;1390.52;1208.72;0.18;48.75;CNEW
6601.36;1395.11;1199.83;0.28;55.35;CNEW
6601.43;1397.52;1195.09;0.28;55.35;CNEW
6601.51;1399.94;1190.34;0.38;52.38;CNEW
6601.64;1403.93;1182.42;0.47;57.97;CNEW
6601.76;1407.82;1174.44;0.24;68.27;CHIST
6601.83;1410.15;1169.65;0.24;68.27;CHIST
6601.88;1412.21;1165.43;0.79;51.25;CHIST
6602.01;1416.32;1157;0.84;54.29;CHIST
6602.14;1420.38;1148.67;-0.02;55.7;CHIST
6602.29;1424.44;1140.33;0.28;51.56;CHIST
6602.38;1426.85;1135.36;0.28;51.56;CHIST
6602.78;1440.47;1105.88;0.45;38.05;CHIST
6602.77;1444.54;1096.75;0.3;33.69;CHIST
6602.73;1447.6;1089.87;0.25;32.27;CHIST
6650.05;1379.19;1298.27;0.28;46.97;CNEW
6650.04;1380.18;1294.55;0.77;64.36;CNEW
6650.02;1382.79;1284.61;0.57;53.75;CNEW
6649.98;1385.26;1274.92;0.2;46.88;CNEW
6649.95;1387.71;1265.22;0.14;44.69;CNEW
6649.94;1390.2;1255.54;0.13;43.22;CNEW
6649.91;1392.62;1245.84;0.15;42.71;CNEW
6649.88;1394.83;1236.98;0.25;54.33;CNEW
6649.84;1396.97;1228.4;0.4;65.12;CNEW
6649.8;1399.14;1219.66;0.34;57.57;CNEW
6649.77;1401.39;1210.66;0.39;48.26;CNEW
6649.75;1402.69;1205.42;0.39;48.26;CNEW
6649.73;1404;1200.18;0.3;43.14;CNEW
6649.69;1406.05;1191.94;0.22;45.52;CNEW
6649.64;1408.03;1184.52;0.42;50.84;CNEW
6649.58;1410.36;1175.65;0.21;67.41;CHIST
6649.54;1411.72;1170.55;0.21;67.41;CHIST
6649.51;1412.95;1165.96;0.16;54.64;CHIST
6649.43;1415.4;1156.81;0.14;57.51;CHIST
6649.39;1416.81;1151.55;0.14;57.51;CHIST
6649.34;1418.22;1146.28;0.19;66.15;CHIST
6649.23;1420.81;1136.62;0.72;68.19;CHIST
6649.14;1422.97;1128.56;0.83;67.87;CHIST
6649.05;1425.03;1120.85;0.63;65.22;CHIST
6648.93;1427.52;1111.56;0.16;68.72;CHIST
6648.86;1429.2;1105.25;0.16;68.51;CHIST
6648.81;1430.63;1099.94;0.35;57.28;CHIST
6648.7;1432.95;1091.27;0.14;42.29;CHIST
6648.59;1434.87;1084.1;0.1;40.38;CHIST
6648.36;1438.92;1068.93;0.1;39.57;CHIST
6857.08;1471.11;1318.4;0.36;49.87;CHIST
6857.08;1476.14;1309.75;0.72;39.85;CHIST
6857.08;1479.02;1304.95;0.72;39.85;CHIST
6857.02;1492.43;1282.62;0.2;46.4;CHIST
6856.93;1498.18;1272.61;0.21;46.24;CHIST
6856.93;1498.2;1272.64;0.21;46.24;CHIST
6856.77;1502.76;1264.74;0.25;68.1;CHIST
6856.59;1507.75;1256.08;0.34;68.51;CHIST
6856.44;1512.2;1248.37;0.55;67.15;CHIST
6856.25;1516.65;1240.66;1.11;64.53;CHIST
6855.99;1521.64;1232;0.58;66.81;CHIST
6855.85;1524.35;1227.3;0.57;66.89;CHIST
6855.7;1527.06;1222.6;0.33;45.43;CHIST
6855.43;1532.05;1213.94;0.47;34.05;CHIST
6855.21;1535.24;1208.4;0.48;33.26;CHIST
6854.99;1538.4;1202.92;0.57;33.1;CHIST
6854.68;1542.81;1195.26;0.8;32.26;CHIST
6854.37;1547.26;1187.53;0.49;32.88;CHIST
6854.08;1551.38;1180.39;0.3;33.08;CHIST
6853.82;1555.12;1173.89;0.59;26.23;CHIST
6850.22;1352.44;1320.39;1;62.25;CNEW
6850.16;1356.06;1314.11;1.35;61.69;CNEW
6850.13;1360.6;1306.25;0.92;51.48;CNEW
6850.13;1365.71;1297.65;0.36;48.78;CNEW
6850.06;1370.81;1289.05;0.36;43.26;CNEW
6849.97;1375.96;1280.48;0.41;42.3;CNEW
6849.89;1381.11;1271.91;0.46;40.51;CNEW
6849.85;1386.26;1263.34;0.6;43.52;CNEW
6849.78;1390.28;1256.65;0.63;44.69;CNEW
6849.19;1412.13;1218.96;0.77;46.87;CNEW
6849.04;1419.15;1207.26;0.32;63.87;CNEW
6848.5;1443.44;1166.93;0.21;65.94;CHIST
6848.41;1446.06;1162.56;0.21;65.94;CHIST
6847.94;1459.54;1140.56;0.37;62.62;CHIST
6847.85;1462.24;1136.24;0.37;62.62;CHIST
6847.71;1466;1130.22;0.5;66.91;CHIST
6847.1;1485.95;1098.65;0.16;44.49;CHIST
6846.93;1491.01;1090.85;0.11;48.12;CHIST
6846.75;1496.07;1083.05;0.15;68.17;CHIST
6846.63;1499.6;1077.62;0.12;67.46;CHIST
6846.53;1502.44;1073.24;0.29;51.44;CHIST
6846.36;1507.16;1065.87;0.5;41.19;CHIST
6846.17;1512.6;1057.49;0.36;37.53;CHIST
6846.03;1516.69;1051.2;0.32;36.9;CHIST
6599.95;1277.89;1318.92;0.43;50.64;CNEW
6599.95;1280.47;1314.46;0.43;50.64;CNEW
6599.91;1283.04;1310;0.52;44.99;CNEW
6599.88;1286.08;1304.79;0.52;44.99;CNEW
6599.83;1289.19;1299.63;0.28;43.43;CNEW
6599.76;1293.31;1292.77;0.1;43.24;CNEW
6599.68;1297.43;1285.92;0.1;41.87;CNEW
6599.6;1302.25;1277.88;0.12;40.64;CNEW
6599.58;1306.45;1269.85;0.28;37.54;CNEW
6599.58;1309.21;1261.37;1.55;35.2;CNEW
6599.66;1314.59;1252.94;1.33;37.1;CNEW
6599.75;1320.04;1244.55;0.44;38.91;CNEW
6599.85;1325.55;1236.21;0.74;38.01;CNEW
6599.94;1331.14;1227.92;0.4;37.79;CNEW
6600.04;1336.87;1219.73;0.13;35.46;CNEW
6600.15;1342.6;1211.53;0.21;38.03;CNEW
6600.22;1348.27;1203.44;0.39;46.81;CNEW
6600.22;1353.93;1195.36;0.1;45.24;CNEW
6600.17;1358.28;1189.15;0.1;46.43;CNEW
6599.91;1367.81;1175.53;0.18;37.11;CNEW
6599.63;1373.54;1167.34;0.72;46.38;CNEW
6599.31;1379.26;1159.15;0.31;47.54;CNEW
6598.84;1384.98;1150.96;0.18;50.93;CNEW
6598.34;1390.69;1142.77;0.12;54.95;CNEW
6597.79;1396.4;1134.57;0.12;39.17;CNEW
6597.47;1399.44;1130.21;0.12;39.17;CNEW
6597.19;1402.12;1126.36;0.22;44.11;CNEW
6596.61;1407.47;1118.68;0.22;68.61;CHIST
6596.19;1410.91;1113.73;0.33;68.32;CHIST
6595.87;1413.36;1110.2;0.66;44.85;CHIST
6595.21;1418.02;1103.43;0.52;68.28;CHIST
6594.78;1421.04;1098.91;0.52;68.28;CHIST
6594.3;1424.05;1094.39;0.1;47.21;CHIST
6593.82;1427.08;1089.84;0.1;47.21;CHIST
6593.35;1430.03;1085.42;0.1;38.81;CHIST
6750.49;1387.1;1295.35;0.45;47.67;CNEW
6750.51;1391.12;1284.3;0.28;43.45;CNEW
6750.56;1394.08;1276.55;2.47;43.76;CNEW
6750.76;1399.92;1261.34;0.47;56.29;CNEW
6751;1406.76;1243.5;0.92;43.34;CNEW
6751.21;1412.85;1227.63;0.27;42.7;CNEW
6751.34;1416.5;1218.32;0.47;45.24;CNEW
6751.45;1418.46;1213.46;0.47;45.24;CHIST
6751.55;1420.43;1208.59;0.31;41.4;CHIST
6751.72;1423.65;1200.61;0.43;44.62;CHIST
6751.95;1427.97;1189.91;0.4;42.23;CHIST
6752.14;1431.71;1180.63;0.34;42.32;CHIST
6752.28;1434.42;1173.91;0.31;44.54;CHIST
6752.46;1438.41;1164.04;0.46;56.92;CHIST
6752.58;1441.9;1155.39;0.65;41.78;CHIST
6752.7;1445.54;1146.81;0.86;41.27;CHIST
6752.84;1449.34;1137.86;0.66;50.68;CHIST
6752.97;1453.13;1128.91;0.29;64.91;CHIST
6753.11;1457.04;1119.7;0.23;66.29;CHIST
6753.2;1459.62;1113.62;0.18;67.03;CHIST
6753.29;1462.12;1107.73;0.11;45.85;CHIST
6753.45;1465.2;1100.46;0.12;37.68;CHIST
6753.58;1467.67;1094.64;0.18;34.85;CHIST
6753.94;1474.58;1078.32;0.14;30.58;CHIST
6754.06;1477.22;1072.11;0.14;30.58;CHIST
6754.15;1479.85;1065.9;0.25;31.63;CHIST
6754.24;1482.4;1059.89;0.25;31.63;CHIST
6754.33;1484.95;1053.88;0.38;31.57;CHIST
6754.44;1488.85;1044.68;0.64;32.53;CHIST
6754.5;1492.26;1036.65;0.21;34.72;CHIST
6800.09;1400.89;1295;0.17;41.38;CNEW
6800.18;1405.18;1287.84;0.38;39.63;CNEW
6800.87;1422.29;1260.43;0.51;44.48;CHIST
6801.05;1425.84;1254.96;0.4;64.61;CHIST
6802.7;1457.27;1207.07;0.41;65.85;CHIST
6802.85;1460.29;1202.42;0.72;62;CHIST
6803.12;1467.97;1190.57;0.11;52.36;CHIST
6803.35;1473.4;1182.21;0.14;50.57;CHIST
6803.49;1476.16;1177.95;0.16;46.94;CHIST
6803.64;1478.92;1173.69;0.3;67.63;CHIST
6803.92;1484.36;1165.31;0.27;67.46;CHIST
6804.11;1488.01;1159.81;0.36;67.59;CHIST
6804.31;1491.7;1154.34;0.57;61.21;CHIST
6804.49;1495.16;1149.2;0.57;61.21;CHIST
6804.65;1498.31;1144.52;0.63;40.32;CHIST
6804.93;1503.59;1136.68;0.19;37.88;CHIST
6805.22;1509.18;1128.39;0.31;47.71;CHIST
6805.37;1512.6;1123.31;0.33;49.51;CHIST
6805.52;1516.02;1118.24;0.63;47.88;CHIST
6805.81;1521.6;1109.95;0.8;31.16;CHIST
6806.11;1527.19;1101.65;0.67;27.35;CHIST
6806.3;1530.96;1096.06;0.59;25.56;CHIST
6806.5;1534.73;1090.46;0.36;27.11;CHIST
6806.78;1540.07;1082.52;0.25;25.69;CHIST
6906.76;1426.44;1331.05;3.33;52.42;CNEW
6906.82;1432.42;1314.63;0.63;60.78;CHIST
6906.85;1434.52;1308.87;0.63;60.78;CHIST
6906.9;1436.52;1303.37;0.36;65.16;CHIST
6907.04;1439.78;1294.4;0.32;57.49;CHIST
6908.11;1474.9;1205.1;0.31;63.5;CHIST
6908.12;1480.67;1191.31;0.72;47.85;CHIST
6908.12;1482.76;1186.38;0.72;47.85;CHIST
6908.12;1484.85;1181.46;0.17;65.16;CHIST
6908.17;1488.79;1172.26;0.14;68.39;CHIST
6908.25;1492.85;1163.13;0.21;68.84;CHIST
6908.29;1496.92;1153.99;0.19;68.76;CHIST
6908.37;1501.06;1144.89;0.21;68.82;CHIST
6908.38;1505.29;1135.83;0.39;68.51;CHIST
6908.33;1509.22;1127.51;0.66;67.65;CHIST
6908.27;1512.99;1119.78;0.99;65.06;CHIST
6908.21;1516.56;1112.46;0.38;61.53;CHIST
6908.11;1520.39;1104.59;0.22;40.22;CHIST
6907.95;1524.77;1095.6;0.26;33.74;CHIST
6907.86;1527.29;1090.43;0.26;33.4;CHIST
6907.78;1529.8;1085.29;0.39;32.4;CHIST
6907.64;1533.74;1077.2;0.39;29.66;CHIST
6950.11;1476.44;1348.28;0.62;55.38;CHIST
6950.11;1480.71;1340.88;0.65;61.82;CHIST
6950.11;1480.71;1340.88;0.65;61.82;CHIST
6950.11;1484.99;1333.47;1.15;62.78;CHIST
6950.11;1487.75;1328.69;1.15;62.78;CHIST
6950.11;1503.94;1300.65;0.57;68.55;CHIST
6950.11;1508.94;1291.99;0.25;68.95;CHIST
6950.11;1513.94;1283.33;0.15;69.13;CHIST
6950.11;1518.94;1274.67;0.17;69.28;CHIST
6950.11;1522.53;1268.46;0.19;69.31;CHIST
6950.11;1526.11;1262.24;0.46;47.51;CHIST
6950.11;1531.11;1253.58;0.45;47.42;CHIST
6950.11;1536.11;1244.92;0.36;46.32;CHIST
6950.11;1541.11;1236.26;0.29;35.98;CHIST
6950.11;1546.11;1227.6;0.69;35.07;CHIST
6950.11;1550.03;1220.82;0.51;32.28;CHIST
6950.11;1553.94;1214.05;0.35;32.03;CHIST
6950.11;1556.5;1209.61;0.35;32.03;CHIST
6950.11;1559.06;1205.17;0.49;29.6;CHIST
6950.11;1562.03;1200.04;0.49;29.6;CHIST
6950.11;1564.99;1194.91;0.25;28.26;CHIST
6950.11;1569.99;1186.25;0.23;28.19;CHIST
6950.11;1574.99;1177.59;0.23;30.91;CHIST
6950.11;1579.99;1168.93;0.33;30.99;CHIST
6950.11;1584.99;1160.27;0.25;29.46;CHIST
6950.11;1589.99;1151.61;0.42;30.38;CHIST
6950.11;1594.99;1142.95;0.44;30.1;CHIST
6950.11;1599.99;1134.29;0.32;28.34;CHIST
6950.11;1604.99;1125.63;0.28;29.02;CHIST
6950.11;1609.99;1116.97;0.27;28.13;CHIST
6950.11;1613.01;1111.73;0.29;27.36;CHIST
7100.02;1294.35;1359.07;0.49;48.98;CNEW
7100.02;1289.7;1351.02;1.42;54.28;CNEW
7100.02;1287.14;1346.58;1.42;54.28;CNEW
7100.02;1284.58;1342.14;2.34;60.8;CNEW
7100.02;1271.78;1319.97;1.24;48.87;CNEW
7100.02;1266.78;1311.31;0.61;45.11;CNEW
7100.02;1261.78;1302.65;2.08;44.6;CNEW
7100.02;1259.01;1297.86;2.1;44.59;CNEW
7100.02;1256.51;1293.53;0.46;40.85;CNEW
7100.02;1247.16;1277.34;0.43;49.27;CNEW
7100.02;1235.45;1257.05;1.19;35.03;CNEW
7100.02;1232.79;1252.44;1.19;35.03;CNEW
7100.02;1230.13;1247.83;0.88;41.73;CNEW
7100.02;1221.45;1232.8;1.09;38.76;CNEW
7100.02;1216.45;1224.14;0.99;36.88;CNEW
7100.02;1211.45;1215.48;1.37;35.26;CNEW
7100.02;1206.45;1206.82;1.23;33.7;CNEW
7100.02;1202.69;1200.31;0.98;32.94;CNEW
7100.02;1194.03;1185.3;0.75;43.02;CNEW
7100.02;1189.03;1176.64;0.72;42.2;CNEW
7100.02;1184.03;1167.98;0.64;37.93;CNEW
7100.02;1179.03;1159.32;0.9;39.03;CNEW
7100.02;1174.03;1150.66;1.22;37.9;CNEW
7100.02;1169.03;1142;1.24;33.53;CNEW
7100.02;1165.31;1135.57;1.21;31.53;CNEW
6749.67;1238.68;1320.57;1.75;41.82;CNEW
6749.57;1235.88;1315.92;1.75;41.82;CNEW
6749.47;1233.09;1311.27;0.17;40.22;CNEW
6749.32;1230.24;1306.6;0.17;40.22;CNEW
6749.17;1227.34;1301.96;0.82;45.81;CNEW
6748.86;1222.83;1294.97;0.74;45.18;CNEW
6747.88;1211.57;1278.38;2.16;36.96;CNEW
6747.56;1208.46;1273.91;2.16;36.96;CNEW
6746.53;1199.32;1261.07;0.74;35.06;CNEW
6745.81;1193.46;1253;0.75;35.05;CNEW
6745.17;1188.83;1246.79;0.76;35.04;CNEW
6744.52;1184.19;1240.58;2.97;32.7;CNEW
6743.96;1180.24;1235.29;2.97;32.7;CNEW
6741.24;1161.43;1210.27;1.02;28.18;CNEW
6740.39;1156.53;1203.91;1.02;28.18;CNEW
6739.1;1149.2;1194.4;1.25;29.02;CNEW
6738.01;1143;1186.63;1.3;26.7;CNEW
6736.91;1136.8;1178.86;1.26;27.33;CNEW
6735.94;1131.26;1171.9;1.2;28.67;CNEW
6734.33;1122.44;1160.83;1.54;29.02;CNEW
6733.13;1116.26;1153.05;1.33;27.52;CNEW
6731.93;1110.08;1145.28;1.21;28.02;CNEW
6731.05;1105.56;1139.59;1.16;28.51;CNEW
6729.75;1098.87;1131.18;1.77;26.66;CNEW
6728.55;1092.69;1123.41;1.84;26.07;CNEW
6727.73;1088.49;1118.28;1.85;25.95;CNEW
6724.07;1071.08;1097.48;0.97;14.89;CNEW
6723.31;1067.52;1093.29;0.97;14.89;CNEW
6556.72;1331.35;1199.81;0.23;38.14;CNEW
6557.46;1334.86;1190.48;0.23;36.74;CNEW
6558.04;1337.72;1183.19;0.29;36.71;CNEW
6558.63;1340.6;1175.91;0.12;36.75;CNEW
6559.41;1344.26;1166.64;0.25;34.97;CNEW
6560.15;1347.55;1158.29;0.14;35.72;CNEW
6560.93;1350.83;1149.95;0.27;39.21;CNEW
6561.48;1353.13;1144.08;0.27;39.21;CNEW
6562.05;1355.44;1138.22;0.1;42.87;CNEW
6562.99;1359.19;1129;0.1;42.68;CNEW
6563.94;1362.98;1119.79;0.39;37.44;CNEW
6564.43;1364.96;1114.98;0.39;37.44;CNEW
6564.92;1366.94;1110.18;0.93;42.52;CNEW
6565.6;1369.66;1103.57;0.93;42.52;CNEW
7449.29;1235.37;1397.82;12.02;48.6;CNEW
7449.29;1213.2;1359.41;3.04;60.96;CNEW
7449.29;1208.2;1350.75;3.83;49.59;CNEW
7449.29;1203.2;1342.09;3.23;43.39;CNEW
7449.29;1200.22;1336.94;2.96;41.18;CNEW
7449.29;1197.45;1332.13;1.77;28.48;CNEW
7449.29;1192.65;1323.82;1.98;23.14;CNEW
7449.29;1187.65;1315.16;1.78;26.6;CNEW
7449.29;1182.65;1306.5;2.1;27.06;CNEW
7449.29;1177.65;1297.84;1.85;19.68;CNEW
7449.29;1172.65;1289.18;2.27;21.38;CNEW
7449.29;1167.65;1280.52;2.97;29.57;CNEW
7449.29;1162.65;1271.86;2.5;30.34;CNEW
7449.29;1157.65;1263.2;2;30.7;CNEW
7449.29;1152.65;1254.54;1.98;13.18;CNEW
7449.29;1147.65;1245.88;1.78;15.99;CNEW
7449.29;1143.93;1239.45;1.72;16.85;CNEW
6770.47;1605.21;1330.8;2.7;20.06;CHIST
6770.47;1605.21;1321.92;1.26;38.24;CHIST
6770.47;1605.21;1315.1;1.48;36.61;CHIST
6999.9;1339.87;1390.89;0.71;67.38;CNEW
6999.9;1336.36;1384.81;1.25;67.14;CNEW
6999.9;1332.62;1378.33;0.72;65.88;CNEW
6999.9;1329.74;1373.35;0.72;65.88;CNEW
6999.9;1326.88;1368.39;0.72;54.91;CNEW
6999.9;1322.53;1360.86;0.7;50.83;CNEW
6999.9;1318.17;1353.3;0.72;56.06;CNEW
6999.9;1315.07;1347.94;0.72;56.06;CNEW
6999.9;1311.97;1342.57;0.42;39.04;CNEW
6999.9;1307.3;1334.47;0.97;41.81;CNEW
6999.9;1302.62;1326.37;4.21;41.62;CNEW
6999.9;1297.62;1317.71;5.48;48.9;CNEW
6999.9;1293.81;1311.11;5.63;49.75;CNEW
6800.02;1333.57;1356.4;1.75;65.76;CNEW
6800.02;1329.47;1349.3;2.71;64.9;CNEW
6800.02;1326.45;1344.06;2.71;64.9;CNEW
6800.02;1323.42;1338.82;2.23;65.42;CNEW
6800.02;1318.87;1330.94;2.13;64.93;CNEW
6800.02;1314.32;1323.06;0.81;49.45;CNEW
6800.02;1311.76;1318.62;0.81;49.45;CNEW
6800.02;1309.31;1314.38;1.64;58.73;CNEW
6800.02;1304.8;1306.56;0.23;38.52;CNEW
6800.02;1300.17;1298.55;1.09;41.9;CNEW
6800.02;1295.17;1289.89;1.67;37.7;CNEW
6800.02;1290.7;1282.14;0.5;38.69;CNEW
6599.82;1335.38;1380.05;1.14;51.3;CNEW
6599.82;1329.65;1371.86;1.5;51.4;CNEW
6599.82;1324.5;1364.51;1.64;51.44;CNEW
6599.82;1319.34;1357.14;1.11;56.25;CNEW
6599.82;1315.77;1352.05;1.11;56.25;CNEW
6599.82;1312.21;1346.96;1.05;49.41;CNEW
6599.82;1306.47;1338.77;0.75;42.6;CNEW
6599.82;1300.74;1330.58;0.55;44.42;CNEW
6599.82;1295;1322.39;0.34;44.32;CNEW
6599.82;1289.67;1314.77;0.16;39.85;CNEW
6599.82;1284.33;1307.15;0.36;42.77;CNEW
6599.82;1279.57;1300.35;0.13;40.4;CNEW
7199.9;1389.94;1430.21;1.22;63.13;CNEW
7199.9;1386.67;1425.54;0.59;66.92;CNEW
7199.9;1382.32;1419.31;0.57;66.11;CNEW
7199.9;1378.86;1414.38;0.65;60.8;CNEW
7199.9;1374.39;1407.99;1.83;59.8;CNEW
7199.9;1369.91;1401.6;0.48;47.62;CNEW
7199.9;1364.18;1393.41;0.75;44;CNEW
7199.9;1358.44;1385.22;0.57;49.72;CNEW
7199.9;1355.33;1380.77;0.53;50.98;CNEW
7199.9;1352.22;1376.33;0.54;54.91;CNEW
7199.9;1346.48;1368.14;0.92;58.85;CNEW
7199.9;1340.75;1359.94;1.16;56.91;CNEW
7199.9;1336.17;1353.41;1.27;55.45;CNEW
7199.9;1331.6;1346.88;1.52;49.1;CNEW
7199.9;1328;1341.74;1.52;49.1;CNEW
7199.9;1324.4;1336.6;3.23;47.33;CNEW
7199.9;1320.78;1331.44;3.23;47.33;CNEW
7199.9;1317.17;1326.28;1.81;47.22;CNEW
7199.9;1314.1;1321.9;1.81;47.22;CNEW
7199.9;1311.15;1317.68;3.45;44.76;CNEW
7199.9;1305.61;1309.77;0.45;53.04;CNEW
7199.9;1300.21;1302.05;0.42;46.19;CNEW
6899.38;1552.59;1401.94;0.55;66.57;CHIST
6899.38;1556.4;1396.5;0.62;67.59;CHIST
6899.38;1562.02;1388.47;0.76;67.39;CHIST
6899.38;1566.63;1381.9;0.42;68.01;CHIST
6899.38;1571.52;1374.91;0.49;68.53;CHIST
6899.38;1574.64;1370.45;0.49;68.53;CHIST
6899.38;1579.55;1363.44;0.4;68.69;CHIST
6899.38;1583.02;1358.49;0.4;68.69;CHIST
6899.38;1586.49;1353.53;0.87;67.56;CHIST
6899.38;1590.76;1347.43;1.32;66.51;CHIST
6899.38;1594.95;1341.45;2.42;61.58;CHIST
6899.38;1600.57;1333.42;1.4;59.79;CHIST
6899.38;1606.27;1325.27;0.89;42.41;CHIST
6899.38;1611.12;1318.35;0.82;37.04;CHIST
6599.9;1353.02;1380.19;0.79;53.59;CNEW
6599.9;1356.26;1375.57;0.79;53.59;CNEW
6599.9;1359.5;1370.94;2.96;50.16;CNEW
6599.9;1362.42;1366.76;2.96;-99;CNEW
6599.9;1365.35;1362.58;1.16;52.78;CNEW
6599.9;1371.09;1354.39;1.33;54.07;CNEW
6599.9;1375.96;1347.43;1.46;55.02;CNEW
6599.9;1380.84;1340.47;1.63;47.89;CNEW
6599.9;1386.57;1332.27;0.77;49.44;CNEW
6599.9;1389.66;1327.87;0.73;49.52;CNEW
6599.9;1392.74;1323.47;0.34;47.19;CNEW
6599.9;1397.23;1317.06;0.34;47.19;CNEW
6599.9;1401.71;1310.65;0.51;48.36;CNEW
6599.9;1406.82;1303.36;0.7;51.51;CHIST
6599.9;1411.44;1296.76;0.4;59;CHIST
6599.9;1416.68;1289.27;0.45;66.96;CHIST
6599.9;1422.42;1281.08;0.93;67.26;CHIST
6599.9;1427.7;1273.54;0.47;67.68;CHIST
6599.9;1432.97;1266;0.39;68.66;CHIST
6599.9;1436.87;1260.43;0.41;68.52;CHIST
6599.9;1440.78;1254.86;0.3;68.47;CHIST
6599.9;1446.51;1246.67;0.31;67.94;CHIST
6599.9;1452.16;1238.6;0.3;68.37;CHIST
6599.9;1457.72;1230.66;0.54;65.9;CHIST
6599.9;1463.37;1222.59;0.44;59.24;CHIST
6599.9;1466.76;1217.76;0.44;59.24;CHIST
6602.07;1453.69;1400.64;0.86;68.65;CHIST
6602.07;1459.8;1391.92;1.54;66.86;CHIST
6602.07;1462.95;1387.41;1.54;66.86;CHIST
6602.07;1466.1;1382.91;2.98;65.11;CHIST
6602.07;1469.22;1378.46;2.98;65.11;CHIST
6602.07;1471.38;1375.37;1.04;66.85;CHIST
6602.07;1475.3;1369.78;1.61;65.65;CHIST
6602.07;1480.14;1362.86;2.28;65.52;CHIST
6602.07;1485.86;1354.69;1.15;67.33;CHIST
6602.07;1491.6;1346.49;0.5;68.6;CHIST
6602.07;1497.34;1338.3;0.34;68.98;CHIST
6602.07;1502.14;1331.44;0.46;68.6;CHIST
6602.07;1506.94;1324.58;1.11;42.84;CHIST
6602.07;1512.68;1316.39;0.91;39.55;CHIST
6602.07;1516.84;1310.45;0.8;38.18;CHIST
7300.02;1401.61;1437.64;0.97;66.88;CNEW
7300.02;1398.63;1433.38;0.97;66.88;CNEW
7300.02;1395.88;1429.45;2.07;62.24;CNEW
7300.02;1391.12;1422.65;0.65;48.08;CNEW
7300.01;1386.11;1415.52;1.55;53.85;CNEW
7300.02;1386.13;1415.53;1.56;53.89;CNEW
7300.02;1380.39;1407.34;1.26;57.88;CNEW
7300.02;1377.41;1403.08;1.25;57.96;CNEW
7300.02;1375.8;1400.78;1.25;65.81;CNEW
7300.02;1372.3;1395.79;3.62;59.74;CNEW
7300.02;1367.43;1388.82;2.11;57.69;CNEW
7300.02;1363.74;1383.56;3.52;52.02;CNEW
7300.02;1360.89;1379.48;0.85;64.62;CNEW
7300.02;1357.63;1374.84;0.17;69.3;CNEW
7300.02;1353.55;1369;0.82;54.05;CNEW
7300.02;1347.81;1360.81;0.63;57.7;CNEW
7300.02;1342.3;1352.94;1.43;57.56;CNEW
7300.02;1336.8;1345.08;0.75;44.19;CNEW
7300.02;1333.64;1340.57;0.75;44.19;CNEW
7000;1521.42;1420.63;0.82;66.58;CHIST
7000;1525.15;1415.31;0.23;-0.02;CHIST
7000;1530.31;1407.94;0.64;81.78;CHIST
7000;1535.88;1399.99;1.25;54.08;CHIST
7000;1540.72;1393.07;0.47;47.97;CHIST
7000;1545.14;1386.76;1.51;63.03;CHIST
7000;1550.27;1379.43;1.28;59.14;CHIST
7000;1556.01;1371.24;0.68;58.84;CHIST
7000;1561.69;1363.13;1.3;60.7;CHIST
7000;1567.17;1355.3;3.83;60.72;CHIST
7000;1572.21;1348.1;1.16;66.2;CHIST
7000;1577.42;1340.66;2.59;57.67;CHIST
7000;1583.11;1332.53;2.17;61.24;CHIST
7000;1588.85;1324.34;1.83;55.31;CHIST
7000;1592.03;1319.79;1.83;55.31;CHIST
7000;1595.21;1315.25;1.45;45.34;CHIST
7000;1598.13;1311.09;1.45;45.34;CHIST
6899.94;1422.02;1392.91;2.08;65.25;CNEW
6899.94;1433.66;1376.28;3.1;65.56;CHIST
6899.94;1437.71;1370.51;1.5;67.17;CHIST
6899.94;1442.48;1363.69;1.42;66.64;CHIST
6899.94;1446.6;1357.81;1.84;64.87;CHIST
6899.94;1455.23;1345.48;0.82;56.2;CHIST
6899.94;1458.27;1341.14;0.82;56.2;CHIST
6899.94;1461.31;1336.8;0.65;62.12;CHIST
6899.94;1466.6;1329.24;0.41;67.49;CHIST
6899.94;1471.89;1321.69;0.62;36.05;CHIST
6899.94;1477.63;1313.5;0.56;40.15;CHIST
6899.94;1482.81;1306.1;0.52;43.44;CHIST
6899.94;1486.76;1300.45;0.25;65.6;CHIST
6899.94;1491.28;1294;0.21;46.42;CHIST
6899.94;1494.99;1288.7;0.21;46.42;CHIST
6899.94;1498.71;1283.39;0.21;64.24;CHIST
6899.94;1504.44;1275.2;0.26;68.5;CHIST
6899.94;1507.91;1270.24;0.38;68.25;CHIST
6899.94;1510.95;1265.9;0.88;57.6;CHIST
6899.94;1516.26;1258.33;0.57;43.16;CHIST
6899.94;1520.23;1252.65;0.79;39.55;CHIST
7000;1581.05;1420.75;2.08;61.79;CHIST
7000;1584.96;1415.15;1.84;66.11;CHIST
7000;1590.7;1406.96;1.93;66.4;CHIST
7000;1596.43;1398.77;0.36;66.08;CHIST
7000;1602.17;1390.58;0.14;64.94;CHIST
7000;1605.67;1385.58;0.13;64.88;CHIST
7000;1608.54;1381.49;3.84;62.05;CHIST
7000;1613.21;1374.81;1.63;57.39;CHIST
7000;1618.52;1367.23;2.45;60.77;CHIST
7000;1623.82;1359.66;2.51;56.68;CHIST
7000;1627.29;1354.7;2.51;56.68;CHIST
7000;1630.76;1349.74;1.78;52.35;CHIST
7000;1634.06;1345.03;1.78;52.35;CHIST
7000;1637.36;1340.32;1.36;42.96;CHIST
7000;1641.9;1333.83;1.4;40.02;CHIST
7300;1327.5;1418.38;0.8;65.31;CNEW
7300;1324.57;1413.31;0.8;65.31;CNEW
7300;1321.99;1408.83;1.76;61.36;CNEW
7300;1317.33;1400.76;2.43;62.67;CNEW
7300;1314.73;1396.25;2.43;62.67;CNEW
7300;1312.13;1391.75;1.42;56.72;CNEW
7300;1308.66;1385.75;1.38;52.02;CNEW
7300;1305.2;1379.76;0.47;40.57;CNEW
7300;1302.16;1374.49;0.47;40.57;CNEW
7300;1299.13;1369.23;0.62;40.37;CNEW
7300;1295.35;1362.69;0.47;39.02;CNEW
7300;1292.14;1357.13;0.39;37.03;CNEW
7300;1287.7;1349.44;2.89;42.95;CNEW
7300;1282.7;1340.78;1.43;42.31;CNEW
7300;1279.44;1335.13;0.88;42.08;CNEW
7300;1277.09;1331.06;1.27;44.17;CNEW
7300;1273.18;1324.29;3.28;45.47;CNEW
7099.37;1501.04;1436.26;1.05;64.93;CHIST
7099.37;1505.48;1429.91;0.35;64.74;CHIST
7099.37;1511.22;1421.72;0.52;64.78;CHIST
7099.37;1514.23;1417.42;0.53;64.78;CHIST
7099.37;1517.24;1413.12;0.74;51.84;CHIST
7099.37;1521.49;1407.05;0.33;45.46;CHIST
7099.37;1525.73;1400.99;0.15;44.76;CHIST
7099.37;1531.47;1392.8;0.34;41.22;CHIST
7099.37;1537.2;1384.61;1.01;38.68;CHIST
7099.37;1542.94;1376.42;1.13;41.15;CHIST
7099.37;1545.92;1372.16;1.13;41.15;CHIST
7099.37;1548.9;1367.9;1.72;39.78;CHIST
7099.37;1553.23;1361.71;1.63;38.95;CHIST
7099.37;1555.61;1358.32;0.85;67.38;CHIST
7099.37;1559.4;1352.91;3;40.02;CHIST
7099.37;1565.13;1344.72;1.42;42.59;CHIST
7099.37;1570.87;1336.53;0.76;44.96;CHIST
7099.37;1575;1330.63;0.64;42.35;CHIST
7097.56;1563.41;1446.37;1.48;65.33;CHIST
7097.56;1568.08;1439.69;1.04;67.61;CHIST
7097.56;1573.82;1431.5;1.35;66.91;CHIST
7097.56;1578.91;1424.23;1.74;62.85;CHIST
7097.56;1583.87;1417.15;1.06;61.75;CHIST
7097.56;1589.48;1409.14;0.32;51.06;CHIST
7097.56;595.21;1400.95;0.21;41.99;CHIST
7097.56;1598.68;1395.99;0.21;41.99;CHIST
7097.56;1602.15;1391.04;0.23;38.23;CHIST
7097.56;1605.28;1386.57;0.23;38.23;CHIST
7097.56;1608.4;1382.11;1.46;48.87;CHIST
7097.56;1614.14;1373.92;1.12;51.23;CHIST
7097.56;1619.88;1365.73;1.21;47.13;CHIST
7097.56;1624.29;1359.42;1.28;45.08;CHIST
6800.29;1384.85;1355.14;3.58;61.32;CNEW
6800.29;1390.58;1346.95;3.1;61.96;CNEW
6800.29;1393.8;1342.36;3.08;61.98;CNEW
6800.29;1395.12;1340.48;1.66;65.86;CNEW
6800.29;1399.33;1334.46;1.79;54.28;CNEW
6800.29;1404.01;1327.78;0.32;45.46;CNEW
6800.29;1408.7;1321.09;0.83;52.78;CNEW
6800.29;1411.76;1316.7;0.55;66.32;CNEW
6800.29;1415.88;1310.83;1.46;47.23;CNEW
6800.29;1421.61;1302.63;1.04;42.71;CHIST
6800.29;1427.35;1294.44;0.56;41.22;CHIST
6800.29;1431.67;1288.28;0.17;40.91;CHIST
6799.99;1465.95;1387.72;6.78;59.39;CHIST
6799.99;1469.83;1382.19;1.24;62.42;CHIST
6799.99;1475.56;1374;1;67.04;CHIST
6799.99;1481.04;1366.18;1.32;66.55;CHIST
6799.99;1486.52;1358.35;1.79;60.7;CHIST
6799.99;1492.25;1350.16;1.56;58.09;CHIST
6799.99;1497.76;1342.3;1.69;51.29;CHIST
6799.99;1503.26;1334.44;0.36;68.93;CHIST
6799.99;1509;1326.24;0.35;69.05;CHIST
6799.99;1513.07;1320.43;0.46;68.68;CHIST
6799.99;1516;1316.25;0.72;67.77;CHIST
6799.99;1520.16;1310.31;2.64;57.46;CHIST
6799.99;1525.46;1302.73;0.46;66.18;CHIST
6799.99;1528.93;1297.78;0.49;67.87;CHIST
6799.99;1532.4;1292.82;1.25;56.69;CHIST
6799.99;1535.39;1288.56;1.25;56.69;CHIST
6799.99;1538.37;1284.3;1.04;55.51;CHIST
6799.99;1541.38;1280;1.04;55.51;CHIST
6712.09;1453.26;1374.05;1.17;66.29;CHIST
6712.09;1458.26;1365.39;1.95;65.01;CHIST
6712.09;1463.26;1356.73;1.13;64.59;CHIST
6712.09;1466.29;1351.47;1.07;64.56;CHIST
6712.09;1469.33;1346.21;1.75;54.98;CHIST
6712.09;1472.53;1340.67;1.75;54.98;CHIST
6712.09;1475.73;1335.13;0.56;67.73;CHIST
6712.09;1480.73;1326.47;0.37;67.97;CHIST
6712.09;1485.73;1317.81;0.3;69.04;CHIST
6712.09;1490.73;1309.15;0.44;68.58;CHIST
6712.09;1494.88;1301.96;0.66;68.15;CHIST
6712.09;1498.17;1296.26;1.42;63.09;CHIST
6712.09;1502.13;1289.4;0.3;43.71;CHIST
6712.15;1348.69;1379.56;3.09;55.73;CNEW
6712.15;1351.92;1373.98;3.09;55.73;CNEW
6712.15;1355.14;1368.39;1.41;51.62;CNEW
6712.15;1357.67;1364.02;1.41;51.62;CNEW
6712.15;1360.19;1359.65;1.67;50.09;CNEW
6712.15;1362.82;1355.1;1.67;50.09;CNEW
6712.15;1365.44;1350.55;0.9;58.41;CNEW
6712.15;1370.44;1341.89;0.48;54.97;CNEW
6712.15;1373.79;1336.09;0.37;52.32;CNEW
6712.15;1376.88;1330.74;0.26;50.83;CNEW
6711.48;1341.76;1379.63;1.07;66.19;CNEW
6711.48;1336.76;1370.97;1.08;66.83;CNEW
6711.48;1333.24;1364.86;1.4;67.09;CNEW
6711.48;1331.21;1361.35;3.11;65.71;CNEW
6711.48;1326.34;1352.91;3.81;51.28;CNEW
6711.48;1321.34;1344.25;4.54;55.87;CNEW
6711.48;1316.34;1335.59;2.51;44.81;CNEW
6711.48;1311.34;1326.93;4.74;54.05;CNEW
6711.48;1306.34;1318.27;5.02;51.63;CNEW
6711.48;1303.11;1312.68;2.66;56.7;CNEW
6711.48;1300.15;1307.55;0.87;57.95;CNEW
6711.48;1295.41;1299.35;0.68;45.53;CNEW
6711.48;1291.79;1293.07;1.55;44.27;CNEW
6716.53;1286.67;1385.31;8.45;54.76;CNEW
6716.53;1280.97;1375.44;3.47;64.94;CNEW
6716.53;1278.13;1370.52;3.47;64.94;CNEW
6716.53;1275.85;1366.56;1.4;65.73;CNEW
6716.53;1269.07;1354.83;4.06;54.34;CNEW
6716.53;1264.27;1346.51;0.65;61.44;CNEW
6716.53;1259.27;1337.85;0.52;52.98;CNEW
6716.53;1254.55;1329.67;0.76;55.65;CNEW
6716.53;1250.07;1321.92;0.74;47.83;CNEW
6800.05;1296.7;1374.16;0.75;68.7;CNEW
6800.05;1293.6;1368.8;0.74;68.78;CNEW
6800.05;1290.5;1363.43;4.73;62.25;CNEW
6800.05;1286.97;1357.32;4.67;62.2;CNEW
6800.05;1283.45;1351.21;1.09;60.22;CNEW
6800.05;1278.45;1342.55;1.26;61.75;CNEW
6800.05;1273.45;1333.89;1.1;57.63;CNEW
6800.05;1270.15;1328.18;1.03;55.77;CNEW
6800.05;1266.85;1322.46;2.68;59.33;CNEW
6800.05;1264.15;1317.79;2.68;59.33;CNEW
6800.05;1262.56;1315.04;0.52;47.37;CNEW
6901;1368.93;1363.91;2.28;65.53;CNEW
6901;1373.93;1355.25;0.38;67.4;CNEW
6901;1378.93;1346.59;1.14;66.28;CNEW
6901;1382.43;1340.53;1.16;66.26;CNEW
6901;1386.25;1333.92;0.73;64.02;CNEW
6901;1396.37;1316.39;0.73;64.45;CNEW
6901;1400.14;1309.87;0.75;44.97;CNEW
6901;1403.8;1303.53;1.37;37.52;CNEW
6901;1411.08;1290.9;2.18;39.8;CNEW
6901;1413.62;1286.51;2.18;39.8;CNEW
6901;1416.86;1280.9;1.98;38.65;CNEW
6901;1419.73;1275.92;1.98;38.65;CNEW
6899.32;1337.67;1376.98;5.94;60.26;CNEW
6899.32;1332.73;1368.43;1.3;67.13;CNEW
6899.32;1327.87;1360.01;1.84;65.02;CNEW
6899.32;1323.01;1351.59;0.67;55.26;CNEW
6899.32;1318.95;1344.55;0.57;58.04;CNEW
6899.32;1315.51;1338.6;0.92;54.34;CNEW
6899.32;1311.05;1330.87;1.23;55.29;CNEW
7199.98;1574.49;1453.83;0.9;53.4;CNEW
6899.32;1304.86;1320.15;1.34;41.24;CNEW
6899.32;1301.26;1313.92;0.89;46.5;CNEW
6900.28;1276.6;1381.85;3.18;65.36;CNEW
6900.28;1272.82;1375.32;2.15;65.83;CNEW
6900.28;1268.82;1368.39;0.98;53.8;CNEW
6900.28;1265.85;1363.24;0.98;53.8;CNEW
6900.28;1263.65;1359.42;0.5;68.67;CNEW
6900.28;1260.41;1353.82;3.2;56.93;CNEW
6900.28;1257.03;1347.97;0.22;38.45;CNEW
6999.97;1292.42;1395.39;1.2;66.39;CNEW
6999.97;1289.21;1389.82;0.45;62.74;CNEW
6999.97;1284.75;1382.09;1.78;60.73;CNEW
6999.97;1281.81;1377;0.63;61.25;CNEW
6999.97;1278.87;1371.92;0.98;48.23;CNEW
6999.97;1273.87;1363.26;2.41;35.64;CNEW
6999.97;1271.08;1358.43;2.41;35.64;CNEW
6999.97;1269.68;1356;0.4;45.02;CNEW
7009.99;1429.02;1391.75;1.15;54.37;CNEW
7009.99;1433.61;1383.81;0.3;56.1;CNEW
7009.99;1443.84;1366.07;0.49;44.59;CHIST
7009.99;1448.63;1357.78;0.2;46.97;CHIST
7009.99;1453.52;1349.32;0.75;53.58;CHIST
7009.99;1456.21;1344.66;0.75;53.58;CHIST
7009.99;1458.83;1340.11;0.44;48.03;CHIST
7009.99;1463.9;1331.35;0.91;56.48;CHIST
7009.99;1466.42;1326.97;0.91;56.48;CHIST
7009.99;1468.94;1322.6;0.33;45.87;CHIST
7009.99;1472.78;1315.95;0.36;50.54;CHIST
7399.75;1380.94;1441.33;1.11;64.48;CNEW
7399.75;1375.94;1432.67;1.67;66.34;CNEW
7399.75;1370.94;1424.01;2.55;64.73;CNEW
7399.75;1368.31;1419.46;2.63;64.58;CNEW
7399.75;1365.69;1414.92;2.55;61.19;CNEW
7399.75;1363.04;1410.33;2.55;61.19;CNEW
7399.75;1360.39;1405.74;1.64;57.64;CNEW
7399.75;1355.39;1397.08;2.36;60.51;CNEW
7399.75;1350.39;1388.42;2.01;57.09;CNEW
7399.75;1347.86;1384.04;1.98;56.77;CNEW
7399.75;1345.34;1379.67;1.07;47.95;CNEW
7399.75;1340.34;1371.01;0.78;42.2;CNEW
7399.75;1337.81;1366.64;0.74;41.45;CNEW
7399.75;1336.31;1364.04;2.12;37.45;CNEW
7120.04;1362.53;1404.33;1.25;65.09;CNEW
7120.04;1357.57;1395.74;2.53;64.61;CNEW
7120.04;1352.61;1387.14;2.06;66.99;CNEW
7120.04;1347.61;1378.48;1.53;66.34;CNEW
7120.04;1342.61;1369.82;1.22;63.69;CNEW
7120.04;1339.52;1364.47;1.16;62.35;CNEW
7120.04;1336.43;1359.13;0.68;60.99;CNEW
7120.04;1332.26;1351.9;0.7;54.56;CNEW
7120.04;1329.47;1347.07;0.24;43.87;CNEW
7199.98;1565.23;1469.87;1.9;63.43;CHIST
7199.98;1569.06;1463.22;2.06;66.34;CHIST
7199.98;1571.78;1458.52;2.06;66.34;CHIST
7199.98;1574.49;1453.83;0.9;53.14;CHIST
7199.98;1577.94;1447.85;0.9;53.14;CHIST
7199.98;1581.39;1441.87;0.49;30.84;CHIST
7199.98;1586.39;1433.21;0.21;35.39;CHIST
7199.98;1589.95;1427.04;0.11;36.94;CHIST
7199.98;1593.52;1420.87;1.81;43.29;CHIST
7199.98;1596.88;1415.05;1.81;43.29;CHIST
7199.98;1600.24;1409.23;0.8;53.04;CHIST
7199.98;1605.24;1400.56;0.39;54.18;CHIST
7199.98;1608.06;1395.67;0.34;54.31;CHIST
7199.98;1609.46;1393.25;0.13;42.2;CHIST
7280.94;1581.65;1477.23;1;64.61;CHIST
7280.94;1586.25;1469.26;0.84;66.93;CHIST
7280.94;1591.25;1460.6;1.45;64.39;CHIST
7280.94;1595.57;1453.11;0.48;62.03;CHIST
7280.94;1599.9;1445.62;0.81;55.38;CHIST
7280.94;1604.9;1436.96;0.17;53.66;CHIST
7280.94;1608;1431.59;0.17;53.65;CHIST
7280.94;1610.36;1427.5;0.34;43.91;CHIST
7014.38;1511.16;1357.31;1.42;42.88;CHIST
7015.58;1513.64;1347.7;1.86;58.41;CHIST
7016.69;1515.99;1338.64;1.25;60.66;CHIST
7017.73;1518.32;1329.75;1.03;63.23;CHIST
7018.61;1520.4;1321.86;1.21;59.53;CHIST
7019.54;1522.61;1313.84;1.25;48.16;CHIST
7020.64;1525.32;1304.28;1.27;41.85;CHIST
7021.73;1528.03;1294.71;1.26;35.95;CHIST
7022.84;1530.9;1285.2;1.05;37.33;CHIST
7023.91;1533.79;1275.69;0.74;35.94;CHIST
7024.86;1536.3;1267.44;0.7;34.13;CHIST
